핵심 강좌,Core class
안녕하세요?,hello?
안녕하세요?,hello?
여자아이,Girls
남자아이,Boys
남자아이,Boys
여자아이,Girls
주스,juice
주스,juice
주스차차물,Juice
주스차물,Juice tea
여자아이가 밥을 먹어요.,The girl eats.
여자아이가 주스를 마셔요.,The girl drinks juice.
남자아이가 밥을 먹어요.,The boy eats.
남자아이가 물을 마셔요.,The boy drinks water.
여자아이,Girls
남자아이,Boys
여자아이가 주스를 마셔요.,The girl drinks juice.
남자아이가 물을 마셔요.,The boy drinks water.
여자아이가 밥을 먹어요.,The girl eats.
남자아이가 밥을 먹어요.,The boy eats.
여자,Woman
남자,man
여자,Woman
남자,man
여자,Woman
남자,man
여자가 물을 마셔요.,The woman drinks water.
남자가 밥을 먹어요.,The man eats.
여자가 밥을 먹어요.,The woman eats.
남자가 물을 마셔요.,The man drinks water.
남자가 밥을 먹어요.,The man eats.
여자가 밥을 먹어요.,The woman eats.
여자아이가 밥을 먹어요.,The girl eats.
남자아이가 밥을 먹어요.,The boy eats.
남자가 밥을 먹어요.,The man eats.
여자아이가 물을 마셔요.,The girl drinks water.
남자가 주스를 마셔요.,The man drinks juice.
여자아이가 밥을 먹어요.,The girl eats.
여자아이가 달려요.,The girl runs.
남자아이가 달려요.,The boy runs.
남자가 달려요.,The man runs.
여자가 달려요.,The woman runs.
편지,letter
편지,letter
편지책책,Letter book book
신문,newspaper
편지책,Letter book
신문,newspaper
여자아이가 책을 읽어요.,The girl reads a book.
남자아이가 책을 읽어요.,The boy reads a book.
남자가 책을 읽어요.,The man reads a book.
여자가 책을 읽어요.,The woman reads a book.
여자가 달려요.,The woman runs.
여자가 신문을 읽어요.,The woman reads the newspaper.
여자가 차를 마셔요.,The woman drinks tea.
여자가 밥을 먹어요.,The woman eats.
. 계속,.  continue
남자아이가 달려요.,The boy runs.
남자아이가 밥을 먹어요.,The boy eats.
남자아이가 물을 마셔요.,The boy drinks water.
남자아이가 책을 읽어요.,The boy reads a book.
여자아이가 물을 마셔요.,The girl drinks water.
여자아이들이 차를 마셔요.,Girls drink tea.
남자아이가 밥을 먹어요.,The boy eats.
남자아이들이 밥을 먹어요.,Boys eat rice.
남자가 차를 마셔요.,The man drinks tea.
남자들이 물을 마셔요.,Men drink water.
여자아이가 달려요.,The girl runs.
여자아이들이 달려요.,Girls run.
여자가 밥을 먹어요.,The woman eats.
여자들이 밥을 먹어요.,Women eat rice.
남자아이가 책을 읽어요.,The boy reads a book.
남자아이들이 책을 읽어요.,Boys read books.
남자들이 신문을 읽어요.,Men read the newspaper.
여자들이 신문을 읽어요.,Women read the newspaper.
남자들이 달려요.,Men run.
여자들이 달려요.,Women run.
여자아이가 책을 읽어요.,The girl reads a book.
여자들이 책을 읽어요.,Women read books.
여자가 책을 읽어요.,The woman reads a book.
여자아이들이 책을 읽어요.,Girls read books.
남자아이들,Boys
여자아이들,G) I-dle
남자들,men
여자들,girls
남자아이들이 밥을 먹어요.,Boys eat rice.
여자아이들이 달려요.,Girls run.
여자들이 주스를 마셔요.,Women drink juice.
남자들이 신문을 읽어요.,Men read the newspaper.
남자가 달려요.,The man runs.
남자아이가 밥을 먹어요.,The boy eats.
여자가 주스를 마셔요.,The woman drinks juice.
여자가 책을 읽어요.,The woman reads a book.
남자가 달려요.,The man runs.
여자가 차를 마셔요.,The woman drinks tea.
여자들이 밥을 먹어요.,Women eat rice.
남자들이 신문을 읽어요.,Men read the newspaper.
남자가 달려요.,The man runs.
여자가 달려요.,The woman runs.
여자아이들이 달려요.,Girls run.
남자가 요리를 해요.,The man cooks.
여자가 요리를 해요.,The woman cooks.
남자들이 요리를 해요.,Men cook.
남자아이들이 수영을 해요.,Boys swim.
여자아이가 수영을 해요.,The girl swims.
남자가 수영을 해요.,The man swims.
여자들이 수영을 해요.,Women swim.
남자가 요리를 해요.,The man cooks.
남자들이 요리를 해요.,Men cook.
남자가 밥을 먹어요.,The man eats.
남자들이 밥을 먹어요.,Men eat rice.
여자가 달려요.,The woman runs.
여자가 수영을 해요.,The woman swims.
여자들이 달려요.,Women run.
여자들이 수영을 해요.,Women swim.
남자가 수영을 해요.,The man swims.
남자가 달려요.,The man runs.
남자가 요리를 해요.,The man cooks.
남자가 밥을 먹어요.,The man eats.
남자아이,Boys
여자아이,Girls
아이들,children
남자,man
여자,Woman
사람들,people
사람들이 밥을 먹어요.,People eat rice.
사람들이 달려요.,People run.
아이들이 물을 마셔요.,The children drink water.
아이들이 책을 읽어요.,Children read books.
아이가 달려요.,The child runs.
아이들이 달려요.,Children run.
남자가 책을 읽어요.,The man reads a book.
사람들이 신문을 읽어요.,People read the newspaper.
여자가 편지를 써요.,The woman writes a letter.
남자아이가 편지를 써요.,The boy writes a letter.
아이들이 편지를 써요.,Children write letters.
남자들이 밥을 먹어요.,Men eat rice.
여자들이 요리를 해요.,Women cook.
남자들이 수영을 해요.,Men swim.
아이들이 편지를 써요.,Children write letters.
여자아이들이 책을 읽어요.,Girls read books.
여자아이가 책을 읽어요.,The girl reads a book.
여자아이들이 편지를 써요.,Girls write letters.
여자아이가 편지를 써요.,The girl writes a letter.
여자가 책을 읽어요.,The woman reads a book.
남자아이가 주스를 마셔요.,The boy drinks juice.
여자가 편지를 써요.,The woman writes a letter.
남자아이가 밥을 먹어요.,The boy eats.
여자가 차를 마셔요.,The woman drinks tea.
여자가 밥을 먹어요.,The woman eats.
남자가 차를 마셔요.,The man drinks tea.
남자가 밥을 먹어요.,The man eats.
안녕히 계세요.,good bye.
안녕히 가세요.,goodbye.
안녕히 계세요.,good bye.
안녕히 가세요.,goodbye.
. 핵심 강좌,.  Core class
안녕하세요?,hello?
안녕하세요?,hello?
샌드위치,Sandwich
샌드위치,Sandwich
샌드위치,Sandwich
계란,egg
계란,egg
사과,apologize
빵,bread
빵,bread
빵,bread
커피,coffee
커피,coffee
우유,milk
샌드위치,Sandwich
계란,egg
사과,apologize
빵,bread
커피,coffee
우유,milk
여자아이하고 여자,Girl and girl
남자아이하고 남자,Boy and man
샌드위치하고 우유,Sandwich and milk
남자하고 여자,A man and a woman
밥하고 사과,Rice and apples
빵하고 물,Bread and water
남자아이가 우유를 마셔요.,The boy drinks milk.
여자가 커피를 마셔요.,The woman drinks coffee.
남자아이하고 남자가 물을 마셔요.,Boy and man drink water.
여자아이가 빵을 먹어요.,The girl eats bread.
남자가 계란을 먹어요.,The man eats eggs.
남자하고 여자가 밥을 먹어요.,A man and a woman eats.
. 계속,.  continue
여자가 사과를 먹어요.,The woman eats an apple.
남자가 밥을 먹어요.,The man eats.
사람들이 계란을 먹어요.,People eat eggs.
남자들이 샌드위치를 먹어요.,Men eat sandwiches.
사람들이 계란을 먹어요.,People eat eggs.
사람들이 샌드위치를 먹어요.,People eat sandwiches.
남자가 밥을 먹어요.,The man eats.
여자가 물을 마셔요.,The woman drinks water.
개,dog
개,dog
개,dog
고양이,cat
고양이,cat
말,word
차,car
차,car
차,car
신문,newspaper
신문,newspaper
자전거,bike
개,dog
고양이,cat
말,word
차,car
신문,newspaper
자전거,bike
남자가 운전을 해요.,The man driving.
여자가 운전을 해요.,The woman driving.
남자아이가 걸어요.,The boy walks.
여자아이가 걸어요.,The girl walks.
남자가 달려요.,The man runs.
여자가 걸어요.,The woman walks.
여자아이가 달려요.,The girl runs.
남자아이가 걸어요.,The boy walks.
아이들이 사과를 먹어요.,The children eat apologies.
남자가 운전을 해요.,The man driving.
아이들이 신문을 읽어요.,The children read the newspaper.
여자가 책을 읽어요.,The woman reads a book.
남자아이는 고양이가 있어요.,The boy has a cat.
여자는 개가 있어요.,A woman has a dog.
아이들은 말이 있어요.,Children have words.
남자는 차가 있어요.,The man has a car.
여자는 샌드위치가 있어요.,The woman has a sandwich.
사람들은 신문이 있어요.,People have a newspaper.
남자아이는 책이 있어요.,The boy has a book.
여자아이는 물고기가 있어요.,The girl has a fish.
사람들은 펜이 있어요.,People have a pen.
책,book
펜,pen
물고기,fish
남자가 자요.,The man sleeps.
여자가 자요.,A woman sleeps.
사람들이 자요.,People sleep.
물고기가 헤엄을 쳐요.,The fish swims.
고양이가 자요.,The cat sleeps.
개가 밥을 먹어요.,The dog eats.
말이 달려요.,I run.
물고기가 헤엄을 쳐요.,The fish swims.
개가 헤엄을 쳐요.,The dog swims.
남자가 수영을 해요.,The man swims.
아이들이 수영을 해요.,The children swim.
사람들이 수영을 해요.,People swim.
사람들이 신문을 읽어요.,People read the newspaper.
사람들이 걸어요.,People walk.
사람들이 자요.,People sleep.
남자가 운전을 해요.,The man driving.
남자아이가 운전을 안 해요.,The boy doesn't drive.
여자가 운전을 해요.,The woman driving.
여자아이가 운전을 안 해요.,The girl doesn't drive.
사람들이 요리를 해요.,People cook.
사람들이 요리를 안 해요.,People don't cook.
아이들이 편지를 써요.,Children write letters.
아이들이 편지를 안 써요.,Children don't write letters.
여자가 운전을 해요.,The woman driving.
여자가 운전을 안 해요.,The woman doesn't drive.
사람들이 수영을 해요.,People swim.
사람들이 수영을 안 해요.,People don't swim.
아이가 자요.,The child sleeps.
아이가 안 자요.,I don't sleep.
사람들이 요리를 안 해요. 밥을 먹어요.,People don't cook.  I eat rice.
사람들이 요리를 해요. 밥을 안 먹어요.,People cook.  I don't eat rice.
남자아이가 안 걸어요. 달려요.,The boy doesn't walk.  Run.
남자가 걸어요. 안 달려요.,The man walks.  I don't run.
여자들은 밥이 있어요.,Women have rice.
여자들은 밥이 없어요.,Women don't have rice.
남자아이는 펜이 있어요.,The boy has a pen.
남자아이는 펜이 없어요.,The boy doesn't have a pen.
남자아이는 우유가 있어요.,The boy has milk.
남자아이는 우유가 없어요.,The boy doesn't have milk.
여자아이들은 자전거가 있어요.,Girls have a bicycle.
여자아이들은 자전거가 없어요.,Girls don't have a bicycle.
개가 달려요.,The dog runs.
개가 안 달려요.,The dog doesn't run.
남자아이들은 물이 있어요.,Boys have water.
남자아이들은 물이 없어요.,Boys don't have water.
이게 뭐예요?,What's this?
이건 사과예요.,This is an apple.
이게 뭐예요?,What's this?
이건 신문이에요.,This is a newspaper.
이게 뭐예요?,What's this?
이건 고양이예요.,This is a cat.
이게 뭐예요?,What's this?
이건 자전거예요.,This is a bicycle.
이게 뭐예요?,What's this?
이건 계란이에요.,This is egg.
이게 뭐예요?,What's this?
이건 펜이에요.,This is a pen.
이게 뭐예요?,What's this?
이건 물고기예요.,This is a fish.
이게 뭐예요?,What's this?
이건 밥이에요.,This is rice.
자요?,sleep?
네. 자요.,yes.  sleep.
자요?,sleep?
아니요. 안 자요.,no.  Do not sleep.
개가 헤엄을 쳐요?,Do the dog swim?
네.,yes.
말이 헤엄을 쳐요?,Do you swim?
아니요.,no.
여자가 신문을 읽어요?,Does a woman read the newspaper?
아니요.,no.
여자가 책을 읽어요?,Does a woman read a book?
네.,yes.
남자아이가 사과를 먹어요?,Does the boy eat apple?
아니요.,no.
남자가 사과를 먹어요?,Does a man eat apple?
네.,yes.
안녕히 가세요.,goodbye.
안녕히 계세요.,good bye.
. 핵심 강좌,.  Core class
안녕하세요?,hello?
안녕하세요?,hello?
흰색,White
흰색,White
흰색,White
검은색,Black color
검은색,Black color
빨간색,Red
파란색,blue
파란색,blue
파란색,blue
녹색,green
녹색,green
노란색,yellow
파란색,blue
흰색,White
녹색,green
검은색,Black color
빨간색,Red
노란색,yellow
계란들이 빨간색이에요.,The eggs are red.
자전거들이 빨간색이에요.,The bicycles are red.
사과들이 녹색이에요.,The apples are green.
펜들이 녹색이에요.,The pens are green.
차들이 흰색이에요.,The cars are white.
자전거들이 흰색이에요.,The bicycles are white.
우유가 흰색이에요.,Milk is white.
밥이 흰색이에요.,The rice is white.
차가 흰색이에요.,The car is white.
차가 녹색이에요.,The car is green.
사과가 녹색이에요.,The apples are green.
자전거가 녹색이에요.,The bike is green.
계란이 파란색이에요.,The egg is blue.
계란들이 파란색이에요.,The eggs are blue.
자전거가 노란색이에요.,The bike is yellow.
자전거들이 노란색이에요.,The bicycles are yellow.
차가 검은색이에요.,The car is black.
차들이 검은색이에요.,The cars are black.
공이 빨간색이에요.,The ball is red.
공들이 빨간색이에요.,The balls are red.
차가 빨간색이에요.,The car is red.
차들이 빨간색이에요.,The cars are red.
고양이가 검은색이에요.,The cat is black.
고양이들이 검은색이에요.,Cats are black.
물고기가 빨간색이에요.,The fish is red.
물고기들이 빨간색이에요.,The fish are red.
자전거가 노란색이에요.,The bike is yellow.
자전거들이 노란색이에요.,The bicycles are yellow.
이건 빨간색이에요.,This is red.
이건 파란색이에요.,This is blue.
이건 검은색이에요.,This is black.
이건 흰색이에요.,This is white.
이건 녹색이에요.,This is green.
이건 노란색이에요.,This is yellow.
이건 빨간색이에요.,This is red.
이건 흰색이에요.,This is white.
이건 노란색이에요.,This is yellow.
이건 녹색이에요.,This is green.
이건 검은색하고 흰색이에요.,This is black and white.
이건 빨간색이에요.,This is red.
이건 흰색이에요.,This is white.
이건 파란색하고 녹색이에요.,This is blue and green.
개가 검은색이에요.,The dog is black.
개가 흰색이에요.,The dog is white.
고양이가 검은색이에요.,The cat is black.
고양이가 흰색이에요.,Cats are white.
달달달해해,It's sweet
하늘,sky
나무,tree
나무,tree
나무꽃꽃풀,Wooden flower
달해,Diligently
하늘,sky
나무꽃풀,Wooden flower
풀이 녹색이에요.,The grass is green.
하늘이 파란색이에요.,The sky is blue.
달이 흰색이에요.,The moon is white.
해가 노란색이에요.,The sun is yellow.
꽃이 빨간색이에요.,The flower is red.
해가 노란색이에요.,The sun is yellow.
사과가 노란색이에요.,The apple is yellow.
하늘이 파란색이에요.,The sky is blue.
계란이 파란색이에요.,The egg is blue.
달이 흰색이에요.,The moon is white.
차가 흰색이에요.,The car is white.
풀이 녹색이에요.,The grass is green.
공이 녹색이에요.,The ball is green.
꽃이 작아요.,The flowers are small.
계란이 작아요.,The eggs are small.
꽃들이 작아요.,The flowers are small.
계란들이 작아요.,The eggs are small.
꽃들이 커요.,The flowers are big.
책들이 커요.,The books are big.
물고기가 커요.,The fish is big.
계란이 커요.,The egg is big.
개가 커요.,The dog is big.
개가 작아요.,The dog is small.
꽃들이 커요.,The flowers are big.
꽃들이 작아요.,The flowers are small.
이 여자는 의사예요.,This woman is a doctor.
이 남자는 선생님이에요.,This man is a teacher.
이 사람들은 경찰관이에요.,These people are police officers.
이 남자아이는 학생이에요.,This boy is a student.
이 여자아이는 학생이에요.,This girl is a student.
이 아이들은 학생이에요.,These children are students.
이 남자는 경찰관이에요.,This man is a police officer.
이 여자는 선생님이에요.,This woman is a teacher.
이 남자는 의사예요.,This man is a doctor.
이 아이들은 학생이에요.,These children are students.
저는 선생님이에요.,I am a teacher.
저는 의사예요.,I am a doctor.
저는 학생이에요.,I am a student.
저는 선생님이에요.,I am a teacher.
저는 선생님이 아니에요.,I'm not a teacher.
저는 의사예요.,I am a doctor.
저는 의사가 아니에요.,I'm not a doctor.
저는 학생이에요.,I am a student.
저는 학생이 아니에요.,I'm not a student.
저는 녹색 책이 있어요.,I have a green book.
저는 노란색 책이 있어요.,I have a yellow book.
저는 빨간색 책이 있어요.,I have a red book.
선생님, 의사세요?,Teacher, you are a doctor?
네, 저는 의사예요.,Yes, I am a doctor.
선생님, 의사세요?,Teacher, you are a doctor?
아니요. 저는 의사가 아니에요.,no.  I'm not a doctor.
. 계속,.  continue
선생님, 뭐 하세요?,Teacher, what are you doing?
저는 밥을 먹어요.,I eat rice.
선생님, 뭐 하세요?,Teacher, what are you doing?
저는 운전을 해요.,I drive.
저는 선생님이에요.,I am a teacher.
저희는 선생님이에요.,We are a teacher.
저는 남자예요.,I am a man.
우리는 남자예요.,We are a man.
저희는 경찰관이에요.,We are police officers.
우리는 선생님이에요.,We are a teacher.
저희는 의사예요.,We are a doctor.
우리는 학생이에요.,We are students.
저는 빨간색 자전거가 있어요.,I have a red bike.
저희는 녹색 자전거가 있어요.,We have a green bike.
저는 빨간색 사과가 있어요.,I have a red apple.
저희는 녹색 사과가 있어요.,We have a green apple.
저는 빨간색 꽃이 있어요.,I have red flowers.
선생님은 빨간색 꽃이 있어요.,The teacher has a red flower.
남자는 빨간색 꽃이 있어요.,The man has a red flower.
여자는 빨간색 꽃이 있어요.,The woman has a red flower.
저희는 빨간색 꽃이 있어요.,We have red flowers.
사람들은 빨간색 꽃이 있어요.,People have red flowers.
남자가 뭐 해요?,What are the men doing?
요리를 해요.,Cook.
여자가 뭐 해요?,What is a woman doing?
책을 읽어요.,Read a book.
남자아이가 뭐 해요?,What are the boys doing?
달려요.,Run.
경찰관이 뭐 해요?,What are the police officers doing?
운전을 해요.,I drive.
여자아이가 뭐 해요?,What are the girls doing?
걸어요.,Walk.
선생님, 뭐 하세요?,Teacher, what are you doing?
저는 물을 마셔요.,I drink water.
선생님, 뭐 하세요?,Teacher, what are you doing?
저는 밥을 먹어요.,I eat rice.
안녕히 가세요.,goodbye.
안녕히 계세요.,good bye.
. 핵심 강좌,.  Core class
안녕하세요?,hello?
안녕하세요?,hello?
일,One
차 한 대,a car
의사 한 명 이,One doctor
펜 두 개,Two pen
남자아이 두 명,Two boys
삼,three
자전거 세 대,Three bicycles
학생 세 명 사,Three students
책 네 권,Four books
남자 네 명,Four men
오,Five
공 다섯 개,Five balls
사람들 다섯 명 육,Five people
사과 여섯 개,Six apologies
여자아이 여섯 명,Six girls
일이삼사오육,Ilsamsa Temple
일, 이, 삼,one two Three
육, 일, 삼, 오, 이,Six, work, three, oh, this
이, 사, 육,Lee, Sa, Yuk
일, 이, 삼, 사, 오,one two three four five
책이 한 권 있어요.,I have a book.
계란이 한 개 있어요.,I have one egg.
핸드폰이 한 개 있어요.,I have a cell phone.
물고기가 한 마리 있어요.,I have a fish.
여자가 한 명 있어요.,There is one woman.
아이가 한 명 있어요.,I have one child.
침대가 한 개 있어요.,I have a bed.
핸드폰이 두 개 있어요.,There are two cell phones.
공이 세 개 있어요.,There are three balls.
열쇠가 네 개 있어요.,There are four keys.
핸드폰이 한 개 있어요.,I have a cell phone.
아이들이 두 명 있어요.,There are two children.
책이 세 권 있어요.,There are three books.
여자들이 네 명 있어요.,There are four women.
물고기가 다섯 마리 있어요.,There are five fish.
계란이 여섯 개 있어요.,There are six eggs.
찻잔이 한 개 있어요.,There is a teacup.
탁자가 두 개 있어요.,There are two tables.
전화기가 세 대 있어요.,There are three telephones.
의자가 네 개 있어요.,There are four chairs.
물고기가 몇 마리 있어요?,How many fish do you have?
물고기가 세 마리 있어요.,There are three fish.
열쇠가 몇 개 있어요?,How many keys are there?
열쇠가 네 개 있어요.,There are four keys.
경찰관이 몇 명 있어요?,How many police officers are there?
경찰관이 두 명 있어요.,There are two police officers.
사과가 몇 개 있어요?,How many apples do you have?
사과가 한 개 있어요.,I have one apple.
의자가 몇 개 있어요?,How many chairs do you have?
의자가 여섯 개 있어요.,There are six chairs.
전화기가 몇 대 있어요?,How many telephones do you have?
전화기가 다섯 대 있어요.,There are five telephones.
침대가 몇 개 있어요?,How many beds do you have?
침대가 두 개 있어요.,There are two beds.
계란이 세 개 있어요.,There are three eggs.
계란이 다섯 개 있어요.,There are five eggs.
찻잔이 네 개 있어요.,There are four teacups.
찻잔이 여섯 개 있어요.,There are six teacups.
. 계속,.  continue
그릇,Bowl
그릇,Bowl
그릇,Bowl
접시,Dish
접시,Dish
찻잔,teacup
접시 세 개가 흰색이에요.,Three dishes are white.
사과 두 개가 녹색이에요.,Two apples are green.
꽃 한 송이가 빨간색이에요.,A flower is red.
그릇 네 개가 파란색이에요.,Four bowls are blue.
흰색 탁자가 몇 개 있어요?,How many white tables are there?
흰색 탁자가 두 개 있어요.,There are two white tables.
빨간색 공이 몇 개 있어요?,How many red balls do you have?
빨간색 공이 한 개 있어요.,I have a red ball.
노란색 그릇이 몇 개 있어요?,How many yellow bowls do you have?
노란색 그릇이 두 개 있어요.,There are two yellow bowls.
검은색 전화기가 몇 대 있어요?,How many black phones do you have?
검은색 전화기가 한 대 있어요.,I have a black phone.
신발,shoes
신발,shoes
신발,shoes
셔츠,shirt
셔츠,shirt
바지,pants
코트,Coat
코트,Coat
코트,Coat
원피스,one piece
원피스,one piece
치마,skirt
신발,shoes
셔츠,shirt
바지,pants
코트,Coat
원피스,one piece
치마,skirt
파란색 셔츠,Blue shirt
빨간색 셔츠,Red shirt
녹색 티셔츠,Green t -shirt
노란색 티셔츠,Yellow t -shirt
여러분은 찻잔이 몇 개 있으세요?,How many teacups do you have?
저희는 찻잔이 네 개 있어요.,We have four teacups.
여러분은 샌드위치가 몇 개 있으세요?,How many sandwiches do you have?
저희는 샌드위치가 다섯 개 있어요.,We have five sandwiches.
여러분은 그릇이 몇 개 있으세요?,How many bowls do you have?
저희는 그릇이 세 개 있어요.,We have three bowls.
여러분은 접시가 몇 개 있으세요?,How many dishes do you have?
저희는 접시가 두 개 있어요.,We have two plates.
저는 노란색 꽃이 있어요.,I have a yellow flower.
선생님은 빨간색 꽃이 있으세요.,The teacher has a red flower.
저희는 흰색 꽃이 있어요.,We have white flowers.
여러분은 파란색 꽃이 있으세요.,You have a blue flower.
여자아이가 티셔츠를 입었어요.,The girl wears a T -shirt.
남자아이가 티셔츠를 안 입었어요.,The boy didn't wear a T -shirt.
여자가 신발을 신었어요.,The woman wore shoes.
남자가 신발을 안 신었어요.,The man didn't wear shoes.
남자아이가 바지를 입었어요.,The boy wears his pants.
여자아이가 바지를 안 입었어요. 치마를,The girl didn't wear pants.  Her skirt
입었어요.,I wore it.
남자들이 모자를 썼어요.,The men wore a hat.
여자들이 모자를 썼어요.,The women wore a hat.
여자가 원피스를 입었어요.,The woman wears a dress.
여자가 치마를 입었어요.,The woman is wearing a skirt.
여자가 바지를 입었어요.,The woman wears pants.
여자가 모자를 썼어요.,The woman wore a hat.
남자가 신발을 신었어요.,The man wore shoes.
여자아이가 원피스를 입었어요.,The girl wore a dress.
남자가 모자 한 개를 사요.,A man buys a hat.
여자가 모자 두 개를 사요.,A woman buys two hats.
남자가 티셔츠 세 개를 사요.,The man buys three t -shirts.
여자가 티셔츠 네 개를 사요.,A woman buy four T -shirts.
남자가 코트를 입었어요.,The man wears a coat.
남자가 코트를 사요.,The man buys a coat.
남자가 모자를 썼어요.,The man wore a hat.
남자가 모자를 사요.,The man buys a hat.
저는 치마를 사요.,I buy a skirt.
저는 치마를 입었어요.,I have a skirt.
저는 바지를 사요.,I buy pants.
저는 바지를 입었어요.,I wear pants.
누가 밥을 먹어요?,Who eats?
경찰관이 밥을 먹어요.,The police officer eats.
누가 책을 읽어요?,Who read the book?
학생들이 책을 읽어요.,Students read books.
누가 주스를 마셔요?,Who drinks juice?
여자들이 주스를 마셔요.,Women drink juice.
누가 편지를 써요?,Who writes a letter?
여자아이가 편지를 써요.,The girl writes a letter.
누가 모자를 썼어요?,Who wrote a hat?
여자가 모자를 썼어요.,The woman wore a hat.
누가 공이 있어요?,Who is the ball?
남자아이들이 공이 있어요.,Boys have a ball.
누가 책을 읽어요?,Who read the book?
여자아이들이 책을 읽어요.,Girls read books.
누가 신문을 읽어요?,Who read the newspaper?
이 의사가 신문을 읽어요.,This doctor reads the newspaper.
누가 신발을 신었어요?,Who wore shoes?
제가 신발을 신었어요.,I wore shoes.
누가 모자를 썼어요?,Who wrote a hat?
저희가 모자를 썼어요.,We wore a hat.
누가 걸어요?,Who walks?
저희가 걸어요.,We walk.
누가 달려요?,Who runs?
저희가 달려요.,We run.
나무가 몇 그루 있어요?,How many trees do you have?
나무가 세 그루 있어요.,There are three trees.
나무가 몇 그루 있어요?,How many trees do you have?
나무가 네 그루 있어요.,There are four trees.
그릇이 몇 개 있어요?,How many bowls do you have?
그릇이 한 개 있어요.,I have a bowl.
아이들이 몇 명 있어요?,How many children do you have?
아이들이 여섯 명 있어요.,There are six children.
이게 뭐예요?,What's this?
빵이에요.,It's bread.
이게 뭐예요?,What's this?
침대예요.,It's a bed.
이게 뭐예요?,What's this?
물이에요.,It's water.
이게 뭐예요?,What's this?
접시예요.,It's a plate.
이게 뭐예요?,What's this?
나무예요.,It's a tree.
풀이 녹색이에요?,Is the grass green?
네. 녹색이에요.,yes.  It's green.
이게 뭐예요?,What's this?
자전거예요.,It's a bicycle.
자전거가 몇 대 있어요?,How many bicycles do you have?
세 대 있어요.,There are three.
이 남자는 자전거가 있어요?,Does this man have a bicycle?
아니요.,no.
이 여자는 자전거가 있어요?,Does this woman have a bicycle?
네.,yes.
이게 뭐예요?,What's this?
샌드위치예요.,It's a sandwich.
샌드위치가 몇 개 있어요?,How many sandwiches are there?
샌드위치가 두 개 있어요.,There are two sandwiches.
. 계속,.  continue
열쇠가 몇 개 있어요?,How many keys are there?
네 개 있어요.,There are four.
뭐 하세요?,What are you doing?
편지를 써요.,write a letter.
물고기가 있으세요?,Do you have fish?
네.,yes.
말이 검은색이에요?,Is the horse black?
아니요. 검은색이 아니에요.,no.  It's not black.
안녕하세요?,hello?
안녕하세요?,hello?
안녕히 가세요.,goodbye.
안녕히 계세요.,good bye.
. 이정표,.  milestone
안녕하세요?,hello?
안녕하세요?,hello?
선생님은 개가 있으세요?,Do you have a dog?
네, 저는 개가 있어요.,Yes, I have a dog.
뭐 하세요?,What are you doing?
책을 읽어요.,Read a book.
이게 뭐예요?,What's this?
커피예요.,It's coffee.
그게 뭐예요?,What is that?
빵이에요.,It's bread.
그게 뭐예요?,What is that?
사과예요.,It's an apple.
개가 뭐 해요?,What are the dogs doing?
개가 빵을 먹어요.,The dog eats bread.
. 핵심 강좌,.  Core class
남자하고 개,Dog with a man
여자하고 여자의 개,A woman and a woman's dog
여자아이하고 말,A girl with a girl
경찰관하고 경찰관의 말,Police officer and police officer
여자하고 여자의 차,A woman and a woman's car
여자하고 여자의 고양이,A woman and a woman's cat
남자하고 남자의 차,Men and man's car
남자하고 남자의 고양이,A man and a man's cat
아이들이 샌드위치를 먹어요.,Children eat sandwiches.
여자아이들이 샌드위치를 먹어요.,Girls eat sandwiches.
남자하고 여자가 신문을 읽어요.,A man and a woman read the newspaper.
남자들이 신문을 읽어요.,Men read the newspaper.
여자아이들이 책을 읽어요.,Girls read books.
사람들이 사과를 먹어요.,People eat apologies.
가족,family
가족,family
가족,family
가족,family
여자하고 여자의 딸,Girl
남자하고 남자의 아들,The son of a man and a man
가족,family
남자아이하고 남자아이의 아버지,Boy and Boy's father
여자아이하고 여자아이의 어머니,Girl and girl's mother
어머니,Mother
딸,daughter
아버지,father
아들,son
아기,Baby
여자하고 여자의 남편,A woman and a woman's husband
여자아이하고 여자아이의 부모님,Girl and girl's parents
여자아이들하고 여자아이들의 부모님,Girls and girls of girls
남자하고 남자의 아내,Man's wife
여자하고 여자의 아이들,Girls and women
아버지하고 아버지의 딸,Father and father's daughter
부모님하고 부모님의 아들들,Parents and the sons of parents
어머니하고 어머니의 아기,Mother and mother's baby
아버지하고 아버지의 아이들,Father and father's children
남편하고 남편의 아내,Husband and husband's wife
부모님하고 부모님의 딸,Parents and parents' daughters
아버지하고 아들들이 놀아요.,Father and sons play.
어머니하고 딸들이 놀아요.,My mother and daughters are playing.
남자아이하고 개가 놀아요.,The dog and the dog are playing.
여자하고 고양이가 놀아요.,I play a woman and a cat.
남자아이가 놀아요. 여자아이는 안 놀아요.,The boy is playing.  The girl doesn't play.
딸이 책을 읽어요. 아버지는 책을 안 읽어요.,My daughter reads a book.  My father doesn't read a book.
아버지가 요리를 해요. 아이들은 요리를 안,My father cooks.  Children don't cook
해요.,do.
누가 놀아요?,Who plays?
남자아이가 놀아요.,The boy is playing.
누가 자요?,Who sleeps?
여자가 자요.,A woman sleeps.
누가 밥을 먹어요?,Who eats?
남자가 밥을 먹어요.,The man eats.
누가 주스를 마셔요?,Who drinks juice?
여자가 주스를 마셔요.,The woman drinks juice.
저희 아들이에요.,My son.
우리 딸이에요.,My daughter.
우리 아들이에요.,My son.
저희 딸이에요.,My daughter.
저희 어머니세요.,My mother.
저희 아버지세요.,My father.
제 자전거예요.,It's my bike.
제 침대예요.,It's my bed.
제 차예요.,It's my car.
제 고양이예요.,It's my cat.
. 계속,.  continue
저희 가족이에요.,It's my family.
저희 아버지세요.,My father.
저희 어머니세요.,My mother.
제 여동생이에요.,I'm my sister.
제 남동생이에요.,I'm my younger brother.
제 남동생은 달려요.,My younger brother runs.
저희 형은 사과를 먹어요.,My brother eats an apple.
제 여동생은 놀아요.,My sister plays.
저희 누나는 책을 읽어요.,My sister reads a book.
제 남동생은 주스를 마셔요.,My younger brother drinks juice.
저희 오빠는 편지를 써요.,My brother writes a letter.
제 여동생은 걸어요.,My sister walks.
저희 언니는 요리를 해요.,My sister cooks.
저희 형이에요.,I'm my brother.
제 남동생이에요.,I'm my younger brother.
저희 누나예요.,I'm my sister.
제 여동생이에요.,I'm my sister.
저희 오빠예요.,It's my brother.
제 남동생이에요.,I'm my younger brother.
저희 언니예요.,My sister.
제 여동생이에요.,I'm my sister.
저희 언니예요.,My sister.
제 친구예요.,I'm my friend.
제 남동생이에요.,I'm my younger brother.
제 친구예요.,I'm my friend.
저희 언니들이에요.,My sisters.
제 남동생들이에요.,My younger brothers.
제 남동생들이 아니에요. 제 친구들이에요.,I'm not my younger brother.  I'm my friends.
제 언니들이 아니에요. 제 친구들이에요.,I'm not my sisters.  I'm my friends.
제 친구예요.,I'm my friend.
제 친구들이에요.,I'm my friends.
제 남동생이에요.,I'm my younger brother.
제 남동생들이에요.,My younger brothers.
제 여동생이에요.,I'm my sister.
제 여동생들이에요.,My sisters.
저희 어머니세요.,My mother.
저희 부모님이세요.,My parents.
저희 아기예요.,It's my baby.
저희 아이들이에요.,My children.
저희 어머니세요.,My mother.
저희 아들들이에요.,My sons.
저희 누나예요.,I'm my sister.
저희 부모님이세요.,My parents.
저희 아들이에요.,My son.
저희 아들이에요.,My son.
저희 어머니세요.,My mother.
저희 어머니세요.,My mother.
저희 아이들이에요.,My children.
저희 부모님이세요.,My parents.
남자아이의 자전거가 커요.,The boy's bike is big.
여자아이의 자전거가 작아요.,The girl's bicycle is small.
여자들의 자전거가 녹색이에요.,Women's bicycles are green.
제 자전거가 파란색이에요.,My bike is blue.
저희 자전거가 검은색이에요.,Our bike is black.
저희 의사세요?,Are you our doctor?
네.,yes.
저희 선생님이세요?,Are you my teacher?
네.,yes.
저희는 아들 두 명이 있어요.,We have two sons.
저희는 딸 네 명이 있어요.,We have four daughters.
저희는 아들 한 명하고 딸 세 명이 있어요.,We have one son and three daughters.
칠,seven
펜 일곱 개,Seven pen
아기 일곱 명,Seven babies
팔,eight
의자 여덟 개,Eight chairs
남자 여덟 명,Eight men
구,nine
사람들 아홉 명,Nine people
모자 아홉 개,Nine hats
십,ten
접시 열 개,Ten
아이들 열 명,Ten children
십일,eleven
꽃 열한 송이,Flower elevated
십이,twelve
열쇠 열두 개,Twelve
육,six
칠,seven
팔,eight
구,nine
십,ten
십일,eleven
십이,twelve
영,zero
삼, 이, 일, 영,Sam, Lee, work, young
육, 칠, 팔, 구, 십,Six, seven, arms, spheres, ten
육, 팔, 십, 십이,Meat, arm, twenty, twelve
십일, 영, 구, 오,Tithing, Young, Gu, Oh
여자아이가 한 살이에요.,The girl is one year old.
여자아이가 두 살이에요.,The girl is two years old.
여자아이가 세 살이에요.,The girl is three years old.
여자아이가 네 살이에요.,The girl is four years old.
여자아이가 다섯 살이에요.,The girl is five years old.
여자아이가 여섯 살이에요.,The girl is six years old.
여자아이가 일곱 살이에요.,The girl is seven years old.
여자아이가 여덟 살이에요.,The girl is eight years old.
남자아이가 몇 살이에요?,How old is the boy?
여섯 살이에요.,I'm six years old.
여자아이가 몇 살이에요?,How old are the girls?
일곱 살이에요.,I'm seven years old.
몇 살이에요?,How old are you?
다섯 살이에요.,I'm five years old.
몇 살이에요?,How old are you?
네 살이에요.,I'm four years old.
몇 살이에요?,How old are you?
열 살이에요.,I'm ten years old.
남자아이가 몇 살이에요?,How old is the boy?
열두 살이에요.,I'm twelve years old.
몇 살이에요?,How old are you?
다섯 살이에요.,I'm five years old.
여자아이가 몇 살이에요?,How old are the girls?
아홉 살이에요.,I'm nine years old.
자요?,sleep?
아니요.,no.
뭐 해요?,what are you doing?
책을 읽어요.,Read a book.
책을 읽으세요?,read books?
아니요.,no.
뭐 하세요?,What are you doing?
편지를 써요.,write a letter.
. 핵심 강좌,.  Core class
아파트,apartment
아파트,apartment
아파트,apartment
집,House
집,House
문,door
텔레비전,television
텔레비전,television
텔레비전,television
라디오,radio
라디오,radio
컴퓨터,computer
컴퓨터,computer
컴퓨터,computer
컴퓨터,computer
노트북 컴퓨터,Notebook computer
노트북 컴퓨터,Notebook computer
컴퓨터들,Computers
아파트,apartment
문,door
집,House
컴퓨터,computer
텔레비전,television
라디오,radio
노트북 컴퓨터가 탁자 위에 있어요.,A laptop computer is on the table.
라디오가 의자 위에 있어요.,The radio is on the chair.
고양이가 텔레비전 위에 있어요.,Cats are on television.
사과가 노트북 컴퓨터 위에 있어요.,Apple is on a laptop computer.
컴퓨터가 차 안에 있어요.,The computer is in the car.
열쇠가 신발 안에 있어요.,The key is in the shoes.
고양이가 모자 안에 있어요.,The cat is in the hat.
남자가 차 안에 있어요.,The man is in the car.
남자가 차 위에 있어요.,The man is on the car.
고양이가 집 안에 있어요.,The cat is in the house.
고양이가 집 위에 있어요.,The cat is on the house.
창문,window
창문,window
창문,window
변기,toilet
변기,toilet
싱크대,sink
거실,Livingroom
거실,Livingroom
거실,Livingroom
주방,kitchen
주방,kitchen
욕실,bathroom
거실,Livingroom
욕실,bathroom
주방,kitchen
창문,window
변기,toilet
싱크대,sink
사과가 그릇 안에 있어요.,The apple is in a bowl.
그릇이 탁자 위에 있어요.,The bowl is on the table.
탁자가 주방 안에 있어요.,The table is in the kitchen.
주방이 집 안에 있어요.,The kitchen is in the house.
남자아이가 집 안에 있어요.,The boy is in the house.
여자아이가 아파트 안에 있어요.,The girl is in the apartment.
가족이 집 안에 있어요.,The family is in the house.
여자가 아파트 안에 있어요.,The woman is in the apartment.
문이 커요.,The door is big.
문이 작아요.,The door is small.
창문이 커요.,The window is big.
창문이 작아요.,The window is small.
남자가 주방 안에 있어요.,The man is in the kitchen.
고양이가 방 안에 있어요.,The cat is in the room.
가족이 주방 안에 있어요.,The family is in the kitchen.
노트북 컴퓨터가 방 안에 있어요.,The laptop computer is in the room.
주방이 녹색이에요.,The kitchen is green.
방이 녹색이에요.,The room is green.
욕실이 녹색이에요.,The bathroom is green.
거실이 녹색이에요.,The living room is green.
집이 녹색이에요.,The house is green.
여자아이하고 할머니가 주방 안에 있어요.,The girl and grandmother are in the kitchen.
남자아이하고 할아버지가 욕실 안에 있어요.,Boy and grandfather are in the bathroom.
여자아이하고 할아버지가 책을 읽어요.,Girl and grandfather read a book.
남자아이하고 할머니가 요리를 해요.,Boy and grandmother cook.
아버지가 아들을 안아요.,My father hugs my son.
어머니가 딸을 안아요.,My mother hugs her daughter.
남편이 아내한테 뽀뽀해요.,My husband kisses my wife.
여동생이 오빠한테 뽀뽀해요.,My sister kisses her brother.
여자아이가 할머니를 안아요.,The girl hugs her grandmother.
아버지가 아들한테 뽀뽀해요.,My father kisses my son.
저는 언니를 안아요.,I hug my sister.
할머니가 할아버지한테 뽀뽀해요.,My grandmother kisses her grandfather.
저는 어머니를 사랑해요.,I love my mother.
저는 남동생을 사랑해요.,I love my younger brother.
저는 여동생을 사랑해요.,I love my sister.
저는 할아버지를 사랑해요.,I love my grandfather.
아내가 남편을 사랑해요.,My wife loves her husband.
부모님이 아이들을 사랑해요.,My parents love children.
남자아이가 할아버지를 사랑해요.,The boy loves his grandfather.
여자아이가 개를 사랑해요.,The girl loves dogs.
언니가 여동생을 안아요.,My sister hugs her sister.
할아버지하고 할머니가 뽀뽀해요.,Grandpa and grandmother kiss.
아이들이 어머니를 사랑해요.,Children love their mothers.
저는 아기를 사랑해요.,I love baby.
고양이가 탁자 밑에 있어요.,The cat is under the table.
개가 셔츠 밑에 있어요.,The dog is under the shirt.
남자아이들이 침대 밑에 있어요.,Boys are under the bed.
고양이가 탁자 위에 있어요.,The cat is on the table.
고양이가 탁자 밑에 있어요.,The cat is under the table.
저는 침대 위에 있어요.,I am on the bed.
저는 침대 밑에 있어요.,I am under the bed.
남자가 차 위에 있어요.,The man is on the car.
남자가 차 안에 있어요.,The man is in the car.
남자가 차 밑에 있어요.,The man is under the car.
여자아이가 침대 위에 있어요.,The girl is on the bed.
여자아이가 침대 밑에 있어요.,The girl is under the bed.
남자가 차 위에 있어요.,The man is on the car.
남자가 차 밑에 있어요.,The man is under the car.
남자아이들이 텔레비전을 봐요.,Boys look at television.
아이가 라디오를 들어요.,The child listens to the radio.
고양이가 물고기를 봐요.,The cat looks at the fish.
사람들이 라디오를 들어요.,People listen to the radio.
남자가 라디오를 들어요.,The man listens to the radio.
여자아이가 라디오를 들어요.,The girl listens to the radio.
부모님이 아이들을 봐요.,My parents look at the children.
남자아이하고 여자아이가 물고기를 봐요.,The boy and the girl look at the fish.
남자가 서 있어요.,The man stands.
남자아이가 앉아 있어요.,The boy is sitting.
여자가 서 있어요.,The woman is standing.
여자아이가 앉아 있어요.,The girl is sitting.
어머니가 주방에 앉아 있어요.,My mother is sitting in the kitchen.
딸이 거실에 앉아 있어요.,My daughter is sitting in the living room.
아들이 거실에 서 있어요.,My son stands in the living room.
아버지가 주방에 서 있어요.,My father stands in the kitchen.
남자가 서 있어요.,The man stands.
남자가 앉아 있어요.,A man is sitting.
여자가 서 있어요.,The woman is standing.
여자가 앉아 있어요.,A woman is sitting.
. 계속,.  continue
이게 선생님 책이에요?,Is this a teacher's book?
네. 제 책이에요.,yes.  It's my book.
이게 선생님 모자예요?,Is this a teacher's hat?
아니요. 제 모자가 아니에요.,no.  It's not my hat.
이게 선생님 펜이에요?,Is this a teacher's pen?
네, 제 펜이에요.,Yes, it's my pen.
제 신문이 어디에 있어요?,Where is my newspaper?
선생님 신문은 탁자 위에 있어요.,The teacher's newspaper is on the table.
신발이 어디에 있어요?,Where are the shoes?
침대 밑에 있어요.,It's under the bed.
신문이 어디에 있어요?,Where is the newspaper?
침대 위에 있어요.,It's on the bed.
찻잔이 어디에 있어요?,Where is the teacup?
싱크대 안에 있어요.,It's in the sink.
접시가 어디에 있어요?,Where is the plate?
싱크대 안에 있어요.,It's in the sink.
. 핵심 강좌,.  Core class
저는 아파트에 살아요.,I live in an apartment.
저는 집에 살아요.,I live at home.
우리는 아파트에 살아요.,We live in an apartment.
저희는 집에 살아요.,We live at home.
저는 집에 살아요.,I live at home.
여자는 아파트에 살아요.,A woman lives in an apartment.
가족은 집에 살아요.,The family lives at home.
저희는 아파트에 살아요.,We live in an apartment.
어디에 사세요?,Where do you live?
이 아파트에 살아요.,I live in this apartment.
어디에 사세요?,Where do you live?
이 아파트에 살아요.,I live in this apartment.
로마,Rome
로마,Rome
로마,Rome
파리,Paris
파리,Paris
모스크바,Moscow
어디에 사세요?,Where do you live?
모스크바에 살아요.,I live in Moscow.
어디에 사세요?,Where do you live?
파리에 살아요.,I live in Paris.
어디에 사세요?,Where do you live?
로마에 살아요.,I live in Rome.
어디에 사세요?,Where do you live?
모스크바에 살아요.,I live in Moscow.
어디에 사세요?,Where do you live?
파리에 살아요.,I live in Paris.
나라,country
나라,country
나라,country
도시,city
도시,city
다리,Bridge
공원,Park
공원,Park
공원,Park
길,road
길,road
다리,Bridge
나라,country
도시,city
길,road
공원,Park
다리,Bridge
여자아이가 다리 위에 앉아 있어요.,The girl is sitting on the leg.
남자가 길에 서 있어요.,The man stands on the road.
여자아이들이 다리 위에 서 있어요.,Girls are standing on the legs.
여자가 공원에 앉아 있어요.,The woman is sitting in the park.
이 길은 파리에 있어요.,This road is in Paris.
이 도시는 프랑스에 있어요.,The city is in France.
이 다리는 뉴욕에 있어요.,This bridge is in New York.
이 도시는 미국에 있어요.,The city is in the United States.
이 사람들은 프랑스 사람이에요.,These people are French.
이 남자는 프랑스 사람이에요.,This man is a French.
이 여자는 프랑스 사람이에요.,This woman is a French.
이 아이들은 미국 사람이에요.,These children are American.
이 남자는 미국 사람이에요.,This man is American.
이 여자는 미국 사람이에요.,This woman is American.
저희는 한국 사람이에요.,We are Korean.
저는 한국 사람이에요.,I am Korean.
이 남자는 한국 사람이에요.,This man is Korean.
중국,china
중국,china
중국,china
러시아,Russia
러시아,Russia
이집트,Egypt
어느 나라 사람이세요?,What country are you from?
저는 미국 사람이에요.,I am American.
어느 나라 사람이세요?,What country are you from?
저는 이집트 사람이에요.,I am an Egyptian.
어느 나라 사람이세요?,What country are you from?
저희는 프랑스 사람이에요.,We are French.
어느 나라 사람이에요?,where are you from?
저희는 중국 사람이에요.,We are Chinese.
남자아이가 집 가까이에 있어요.,The boy is near the house.
여자아이가 집에서 멀리 있어요.,The girl is far from home.
개가 집 가까이에 있어요.,The dog is near the house.
말이 집에서 멀리 있어요.,The horse is far from home.
저희 집은 길 가까이에 있어요.,My house is near the road.
저희 집은 길에서 멀리 있어요.,My house is far from the road.
의자는 문 가까이에 있어요.,The chair is near the door.
의자는 문에서 멀리 있어요.,The chair is far from the door.
저는 나무 가까이에 있어요.,I am near the tree.
저는 나무에서 멀리 있어요.,I am far from the tree.
저는 다리 가까이에 있어요.,I'm near my legs.
저는 다리에서 멀리 있어요.,I am far from my legs.
브라질,brazil
브라질,brazil
브라질,brazil
일본,japan
일본,japan
이탈리아,Italy
이 나라의 이름은 이탈리아예요.,The name of this country is Italy.
이 나라의 이름은 일본이에요.,The name of this country is Japan.
이 나라의 이름은 이집트예요.,The name of this country is Egypt.
이 나라의 이름은 러시아예요.,The name of this country is Russia.
일본은 중국 가까이에 있어요.,Japan is near China.
일본은 브라질에서 멀리 있어요.,Japan is far from Brazil.
이탈리아는 프랑스 가까이에 있어요.,Italy is near France.
이탈리아는 브라질에서 멀리 있어요.,Italy is far from Brazil.
. 계속,.  continue
저는 의사예요.,I am a doctor.
제 이름은 낸시 윌슨이에요.,My name is Nancy Wilson.
저는 경찰관이에요.,I'm a police officer.
제 이름은 존 클라크예요.,My name is John Clark.
저는 선생님이에요.,I am a teacher.
제 이름은 수 심슨이에요.,My name is Susan.
저는 러시아 사람이에요.,I am a Russian.
제 이름은 빅토르 포포브예요.,My name is Victor Poporb.
저희 아버지세요. 성함은 마이크 스미스예요.,My father.  The name is Mike Smith.
저희 어머니세요. 성함은 앤 스미스예요.,My mother.  The name is Anne Smith.
제 이름은 세라 스미스예요.,My name is Sarah Smith.
안녕하세요? 성함이 어떻게 되세요?,hello?  What's your name?
제 이름은 박민호예요.,My name is Park Min -ho.
성함이 어떻게 되세요?,What's your name?
제 이름은 김진아예요.,My name is Kim Jin -ah.
이분은 박민호 씨예요.,This is Park Min -ho.
만나서 반갑습니다.,Nice to meet you.
저분은 김진아 씨예요.,He is Kim Jin -ah.
만나서 반갑습니다.,Nice to meet you.
이거 진아 씨 책이에요?,Is this Jina's book?
네, 제 책이에요.,Yes, it's my book.
이거 민호 씨 펜이에요?,Is this Minho Pen?
아니요, 제 펜이 아니에요. 진아 씨 펜이에요.,No, it's not my pen.  It's Jina Pen.
민호 씨, 제 열쇠가 어디에 있어요?,Minho, where is my key?
진아 씨 열쇠는 차에 있어요.,Jina's key is in the car.
진아 씨, 제 코트가 어디에 있어요?,Jina, where is my coat?
민호 씨 코트는 의자 위에 있어요.,Minho's coat is on the chair.
안녕하세요? 성함이 어떻게 되세요?,hello?  What's your name?
제 이름은 존스예요.,My name is Jones.
만나서 반갑습니다.,Nice to meet you.
성함이 어떻게 되세요?,What's your name?
제 이름은 마이크 스미스예요.,My name is Mike Smith.
만나서 반갑습니다.,Nice to meet you.
성함이 어떻게 되세요?,What's your name?
존스예요.,Jones.
만나서 반갑습니다.,Nice to meet you.
안녕하세요?,hello?
이름이 뭐예요?,What's your name?
제 이름은 바비 존스예요.,My name is Bobby Jones.
만나서 반갑습니다.,Nice to meet you.
안녕히 가세요.,goodbye.
안녕하세요? 제 이름은 빅토르예요.,hello?  My name is Victor.
안녕하세요? 제 이름은 린이에요.,hello?  My name is Lin.
안녕하세요? 제 이름은 이사벨라예요.,hello?  My name is Isabella.
안녕하세요? 제 이름은 피에르예요.,hello?  My name is Pierre.
저는 러시아 모스크바에 살아요.,I live in Moscow, Russia.
저는 중국 베이징에 살아요.,I live in Beijing, China.
저는 이탈리아 로마에 살아요.,I live in Rome, Italy.
저는 프랑스 파리에 살아요.,I live in Paris, France.
제 방이에요.,It's my room.
저희 주방이에요.,It's my kitchen.
제 방이에요.,It's my room.
저희 주방이에요.,It's my kitchen.
저분은 저희 어머니세요. 어머니의 성함은 메,He is my mother.  Mother's name is me
이예요.,This is.
저 아이는 제 남동생이에요. 남동생의 이름은,That child is my younger brother.  The name of the younger brother is
블라디미르예요. 방에서 자고 있어요.,It's Vladimir.  I'm sleeping in the room.
저분은 저희 아버지세요. 아버지의 성함은 베,He is my father.  My father's name is
르트랑이에요.,It's Lertrang.
저 아이는 제 여동생이에요. 여동생의 이름은,That child is my sister.  Her sister's name is
줄리아예요. 공원에서 놀고 있어요.,It's Julia.  I'm playing in the park.
. 핵심 강좌,.  Core class
스웨터,sweater
스웨터,sweater
스웨터,sweater
청바지,Blue jeans
청바지,Blue jeans
허리띠,waist belt
정장,suit
정장,suit
정장,suit
양말,Amount - say
양말,Amount - say
넥타이,necktie
스웨터,sweater
넥타이,necktie
정장,suit
양말,Amount - say
허리띠,waist belt
청바지,Blue jeans
제 양말이 회색이에요.,My socks are gray.
남자아이의 양말이 보라색이에요.,The boy's socks are purple.
제 스웨터가 보라색이에요.,My sweater is purple.
남자의 스웨터가 회색이에요.,The men's sweater is gray.
키 큰 남자가 넥타이를 했어요.,A tall man did a tie.
키 작은 남자가 스웨터를 입었어요.,A short man wears a sweater.
키 큰 여자가 청바지를 입었어요.,A tall woman wore jeans.
키 작은 여자가 티셔츠를 입었어요.,A short woman wears a T -shirt.
키 큰 남자가 검은색 정장을 입었어요.,A tall man wore a black suit.
키 작은 남자가 검은색 정장을 입었어요.,A short man wears a black suit.
키 큰 여자가 회색 정장을 입었어요.,A tall woman wore a gray suit.
키 작은 여자가 회색 정장을 입었어요.,A short woman wore a gray suit.
제 원피스가 분홍색이에요.,My dress is pink.
제 신발이 갈색이에요.,My shoes are brown.
제 허리띠가 분홍색이에요.,My belt is pink.
제 넥타이가 갈색이에요.,My tie is brown.
여자의 바지가 파란색이에요.,The woman's pants are blue.
여자아이의 티셔츠가 주황색이에요.,The girl's t -shirt is orange.
여자의 코트가 파란색이에요.,The woman's coat is blue.
여자아이의 원피스가 주황색이에요.,The girl's dress is orange.
회색,gray
보라색,purple
분홍색,pink
갈색,Brown
주황색,Orange
파란색,blue
노란색,yellow
녹색,green
제 머리가 갈색이에요.,My head is brown.
남자아이의 머리가 갈색이에요.,The boy's head is brown.
저희 머리가 금발이에요.,Our hair is blonde.
사람들의 머리가 금발이에요.,People's head is blonde.
제 머리가 빨간색이에요.,My hair is red.
여러분의 머리가 빨간색이에요.,Your hair is red.
저는 키가 커요.,I'm tall.
제 머리가 갈색이에요.,My head is brown.
저는 키가 작아요.,I'm short.
제 머리가 빨간색이에요.,My hair is red.
여자의 머리가 검은색이에요.,The woman's head is black.
남자의 머리가 빨간색이에요.,The man's head is red.
여자의 머리가 갈색이에요.,The woman's head is brown.
남자의 머리가 금발이에요.,The man's head is blonde.
이분의 스웨터가 무슨 색이에요?,What color is this sweater?
파란색이에요.,It's blue.
선생님의 정장이 무슨 색이에요?,What color is your suit?
회색이에요.,It's gray.
남자아이의 머리가 무슨 색이에요?,What color is the boy's head?
갈색이에요.,Brown.
. 계속,.  continue
여자의 머리가 무슨 색이에요?,What color is a woman's head?
금발이에요.,It's blonde.
여자들의 머리가 무슨 색이에요?,What color is women's heads?
검은색이에요.,It's black.
머리가 무슨 색이에요?,What color is your head?
빨간색이에요.,It's red.
제 모자가 파란색이에요.,My hat is blue.
제 넥타이가 주황색이에요.,My tie is orange.
제 허리띠가 갈색이에요.,My belt is brown.
제 스웨터가 보라색이에요.,My sweater is purple.
허리띠가 분홍색이에요.,The belt is pink.
집이 갈색이에요.,The house is brown.
집이 분홍색이에요.,The house is pink.
허리띠가 갈색이에요.,The belt is brown.
여자아이가 추워요.,The girl is cold.
남자아이가 더워요.,The boy is hot.
남자가 추워요.,The man is cold.
여자가 더워요.,The woman is hot.
남자는 배가 고파요.,The man is hungry.
남자아이는 목이 말라요.,The boy is thirsty.
여자는 배가 고파요.,The woman is hungry.
여자아이는 목이 말라요.,The girl is thirsty.
배가 고파요.,Hungry.
목이 말라요.,I'm thirsty.
더워요.,It's hot.
추워요.,It's cold.
목이 마르세요?,Are you thirsty?
네. 목이 말라요.,yes.  I'm thirsty.
추우세요?,Are you cold?
아니요. 안 추워요.,no.  It's not cold.
배가 고프세요?,Are you hungry?
아니요. 배가 안 고파요.,no.  I'm not hungry.
더워요?,It's hot?
네. 더워요.,yes.  It's hot.
추우세요?,Are you cold?
네, 추워요.,Yes, it's cold.
목이 마르세요?,Are you thirsty?
아니요, 목이 안 말라요.,No, I can't be thirsty.
더우세요?,Are you more right?
아니요, 안 더워요.,No, it's not hot.
배가 고파요?,Hungry?
네. 배가 고파요.,yes.  Hungry.
남자아이가 피곤해요.,The boy is tired.
여자아이가 아파요.,The girl hurts.
남자가 아파요.,The man hurts.
여자가 피곤해요.,The woman is tired.
아파요.,sick.
피곤해요.,I'm tired.
추워요.,It's cold.
배가 고파요.,Hungry.
아프세요?,Are you sick?
아니요. 괜찮아요.,no.  it's okay
피곤하세요?,Are you tired?
아니요. 괜찮아요.,no.  it's okay
아프세요?,Are you sick?
네, 아파요.,Yes, it hurts.
어떻게 지내세요?,how are you doing?
잘 지내요.,I'm doing great.
피곤하세요?,Are you tired?
네, 피곤해요.,Yes, I'm tired.
어떻게 지내세요?,how are you doing?
잘 지내요.,I'm doing great.
안녕하세요?,hello?
어떻게 지내세요?,how are you doing?
잘 지내요.,I'm doing great.
안녕하세요?,hello?
어떻게 지내세요?,how are you doing?
잘 지내요.,I'm doing great.
안녕하세요? 어떻게 지내세요?,hello?  how are you doing?
잘 지내요.,I'm doing great.
안녕히 가세요.,goodbye.
안녕히 계세요.,good bye.
안녕하세요? 어떻게 지내세요?,hello?  how are you doing?
잘 지내요.,I'm doing great.
안녕히 계세요.,good bye.
안녕하세요? 어떻게 지내세요?,hello?  how are you doing?
잘 지내요.,I'm doing great.
안녕히 가세요.,goodbye.
저희 어머니세요.,My mother.
저희 아버지세요.,My father.
저희 할머니세요.,My grandmother.
저희 할아버지세요.,My grandfather.
엄마,Mom
저희 엄마세요.,My mom.
딸,daughter
저희 딸이에요.,My daughter.
아빠,Dad
저희 아빠세요.,My dad.
아들,son
저희 아들이에요.,My son.
저희 엄마세요.,My mom.
저희 어머니세요.,My mother.
저희 아빠세요.,My dad.
저희 아버지세요.,My father.
. 이정표,.  milestone
안녕하세요?,hello?
안녕하세요?,hello?
안녕하세요?,hello?
안녕하세요?,hello?
성함이 어떻게 되세요?,What's your name?
제 이름은 파울로 리마예요.,My name is Paulo Lima.
성함이 어떻게 되세요?,What's your name?
제 이름은 페이치 유예요.,My name is Payyyu.
만나서 반갑습니다.,Nice to meet you.
만나서 반갑습니다.,Nice to meet you.
남동생이에요?,Are you younger brother?
네. 남동생이에요.,yes.  I am a younger brother.
이름이 뭐예요?,What's your name?
제 이름은 페이리예요.,My name is Payiri.
몇 살이에요?,How old are you?
아홉 살이에요.,I'm nine years old.
만나서 반갑습니다.,Nice to meet you.
만나서 반갑습니다.,Nice to meet you.
어느 나라 사람이세요?,What country are you from?
중국 사람이에요.,I'm Chinese.
어느 나라 사람이세요?,What country are you from?
브라질 사람이에요.,I'm a Brazilian.
배가 고프세요?,Are you hungry?
아니요. 배가 안 고파요.,no.  I'm not hungry.
배가 고파요?,Hungry?
네. 배가 고파요.,yes.  Hungry.
안녕히 가세요.,goodbye.
안녕히 가세요.,goodbye.
이게 페이치 씨 책이에요?,Is this a book of Mr. Pachi?
네, 제 책이에요.,Yes, it's my book.
. 계속,.  continue
페이치 씨 가족이세요?,Are you a family of Payci?
네, 저희 가족이에요.,Yes, my family.
가족이 어디에 사세요?,Where do the family live?
가족은 베이징 가까이에 살아요.,The family lives near Beijing.
목이 마르세요?,Are you thirsty?
네, 목이 말라요.,Yes, dry thirst.
. 핵심 강좌,.  Core class
여자들이 일을 해요.,Women are working.
남자아이들이 놀아요.,Boys play.
남자가 일을 해요.,The man works.
여자아이가 놀아요.,The girl is playing.
학교,school
병원,hospital
식당,Restaurant
공원,Park
의사가 병원에서 일을 해요.,The doctor works in the hospital.
남자들이 공원에서 일을 해요.,Men work in the park.
여자들이 식당에서 일을 해요.,Women work in a restaurant.
선생님이 학교에서 일을 해요.,The teacher works at school.
저는 공원에서 놀아요.,I play in the park.
저는 학교에서 놀아요.,I play at school.
저는 병원에서 일을 해요.,I work in the hospital.
저는 학교에서 일을 해요.,I work at school.
가족이 안에서 밥을 먹어요.,The family eats inside.
남자하고 여자가 밖에서 샌드위치를 먹어요.,A man and a woman eats a sandwich outside.
남자가 안에서 달려요.,The man runs inside.
여자가 밖에서 달려요.,The woman runs outside.
남자가 안에서 일을 해요.,The man works inside.
남자들이 밖에서 일을 해요.,Men are working outside.
여자들이 안에서 일을 해요.,Women work inside.
여자가 밖에서 일을 해요.,The woman works outside.
아침,morning
오후,afternoon
저녁,dinner
밤,night
아침,morning
오후,afternoon
저녁,dinner
밤,night
아침이에요.,It's morning.
오후예요.,It's afternoon.
저녁이에요.,It's dinner.
밤이에요.,It's night.
아침이에요. 아이들이 아침을 먹어요.,It's morning.  The children eat breakfast.
오후예요. 남자들이 점심을 먹어요.,It's afternoon.  Men have lunch.
저녁이에요. 가족이 저녁을 먹어요.,It's dinner.  The family eats dinner.
가족이 안에서 아침을 먹어요.,The family eats breakfast inside.
가족이 밖에서 아침을 먹어요.,The family eats breakfast outside.
여자가 안에서 점심을 먹어요.,The woman eats lunch inside.
여자가 밖에서 점심을 먹어요.,The woman eats lunch outside.
저희는 안에서 아침을 먹어요.,We have breakfast inside.
저희는 밖에서 저녁을 먹어요.,We have dinner outside.
저희는 밖에서 아침을 먹어요.,We have breakfast outside.
저희는 안에서 저녁을 먹어요.,We have dinner inside.
남자가 아침에 일을 해요.,The man works in the morning.
남자가 밤에 일을 해요.,The man works at night.
아이들이 오후에 놀아요.,The children play in the afternoon.
여자가 저녁에 텔레비전을 봐요.,A woman looks at television in the evening.
어디에서 일을 하세요?,Where do you work?
저는 공원에서 일을 해요.,I work in the park.
저는 병원에서 일을 해요.,I work in the hospital.
저는 학교에서 일을 해요.,I work at school.
저는 식당에서 일을 해요.,I work in a restaurant.
언제 일을 하세요?,When do you work?
저는 아침에 일을 해요.,I work in the morning.
언제 일을 하세요?,When do you work?
저는 오후에 일을 해요.,I work in the afternoon.
언제 일을 하세요?,When do you work?
저는 밤에 일을 해요.,I work at night.
어디에서 커피를 마시세요?,Where do you drink coffee?
저는 카페에서 커피를 마셔요.,I drink coffee at a cafe.
언제 커피를 마시세요?,When do you drink coffee?
저는 아침에 커피를 마셔요.,I drink coffee in the morning.
언제 커피를 마시세요?,When do you drink coffee?
저는 저녁에 커피를 마셔요.,I drink coffee in the evening.
남자가 신발하고 양말을 신었어요.,The man shoes and wore socks.
남자가 신발을 신었어요. 하지만 양말은 안,The man wore shoes.  But the socks are not
신었어요.,I wore it.
저는 정장이 있어요. 그리고 넥타이가 있어,I have a suit.  And there is a tie
요.,yo. this.
저는 정장이 있어요. 하지만 넥타이는 없어,I have a suit.  But there is no tie
요.,yo. this.
남자아이는 계란이 있어요. 그리고 계란을 먹,The boy has eggs.  And he eats eggs
어요.,Oh.
남자아이는 계란이 있어요. 하지만 계란을 안,The boy has eggs.  But I didn't do eggs
먹어요.,eat.
여자아이는 책이 있어요. 그리고 책을 읽어,The girl has a book.  And she reads a book
요.,yo. this.
여자아이는 책이 있어요. 하지만 책을 안 읽,The girl has a book.  But she doesn't read a book
어요.,Oh.
양말하고 신발을 신었어요?,Did you wear socks and shoes?
양말은 신었어요. 하지만 신발은 안 신었어,I wore socks.  But I didn't wear shoes
요.,yo. this.
코트하고 모자가 있으세요?,Do you have a coat and hats?
코트는 있어요. 하지만 모자는 없어요.,There is a coat.  But there is no hat.
남자는 자기 전에 책을 읽어요.,The man reads a book before going to bed.
여자는 점심을 먹은 후에 책을 읽어요.,The woman reads a book after lunch.
남자는 일을 하기 전에 커피를 마셔요.,The man drinks coffee before working.
남자하고 여자는 저녁을 먹은 후에 커피를 마,Men and women don't have coffee after dinner
셔요.,She.
언제 아침을 드세요?,When do you have breakfast?
일을 하기 전에 아침을 먹어요.,I have breakfast before I work.
언제 저녁을 드세요?,When do you have dinner?
일을 한 후에 저녁을 먹어요.,After working, I have dinner.
. 계속,.  continue
계란 열세 개,Thirteenth
십삼,Thirteen
컵 열네 개,Twelve cups
십사,fourteen
넥타이 열다섯 개,Fifteen ties
십오,fifteen
허리띠 열여섯 개,Sixteen
십육,Tennis
접시 열일곱 개,Seventeen
십칠,seventeen
공 열여덟 개,Eight
십팔,eighteen
꽃 열아홉 송이,Nineteen
십구,nineteen
책 스무 권,Book
이십,Twenty
십사는 십삼 후에 와요.,Ten of the thousands come after three hundred and three.
십오는 십사 후에 와요.,Fifteen come after ten sesame seeds.
십구는 이십 전에 와요.,Nineteen comes twenty years ago.
십오는 십육 전에 와요.,Fifteen come before the sixth.
십칠은 십육 후에 와요.,Ten seven sees come after ten flesh.
십칠은 십팔 전에 와요.,Ten seven is about eighteenth before.
십사는 십삼 후에 와요.,Ten of the thousands come after three hundred and three.
몇 살이에요?,How old are you?
열네 살이에요.,I'm four years old.
몇 살이에요?,How old are you?
열아홉 살이에요.,I'm nineteen years old.
안녕하세요?,hello?
안녕하세요?,hello?
안녕하세요?,hello?
안녕하세요? 어떻게 지내세요?,hello?  how are you doing?
잘 지내요.,I'm doing great.
안녕하세요?,hello?
안녕하세요?,hello?
안녕하세요?,hello?
안녕하세요?,hello?
어떻게 지내세요?,how are you doing?
잘 지내요.,I'm doing great.
안녕히 가세요.,goodbye.
안녕히 가세요.,goodbye.
안녕하세요?,hello?
저는 댄 파커예요.,I'm Dan Parker.
이분은 제인 테일러 씨예요.,This is Jane Taylor.
이건 제인 테일러 씨의 책이에요.,This is Jane Taylor's book.
안녕하세요, 제인 테일러 씨? 어떻게 지내세,Hello, Jane Taylor?  How to do
요?,yo. this?
잘 지내요.,I'm doing great.
언제 책을 쓰세요?,When do you write a book?
아침하고 저녁에 책을 써요.,I write a book in the morning and in the evening.
오후에 뭐 하세요?,What do you do in the afternoon?
저희 아들하고 같이 놀아요.,Play with my son.
어디에서 책을 쓰세요?,Where do you write a book?
아침에는 공원에서 써요.,I write in the park in the morning.
저녁에는 거실에서 써요.,I write in the living room in the evening.
. 핵심 강좌,.  Core class
칠 일,Seventy days
삼 일,Three days
사 일,Day
한 주는 칠 일이에요.,One week is seven days.
한 달은 사 주예요.,A month is a week.
일 년은 열두 달이에요.,One year is twelve months.
한 주,One week
한 달,one month
일 년,one year
오늘은 금요일이에요.,Today is Friday.
오늘은 토요일이에요.,Today is Saturday.
오늘은 일요일이에요.,Today is Sunday.
오늘은 금요일이에요. 저는 일을 해요.,Today is Friday.  I work.
오늘은 토요일이에요. 저는 달려요.,Today is Saturday.  I run.
오늘은 일요일이에요. 저는 텔레비전을 봐요.,Today is Sunday.  I look at television.
오늘은 일요일이에요. 저희는 공원에서 걸어,Today is Sunday.  We walk in the park
요.,yo. this.
오늘은 월요일이에요. 저희는 점심을 먹어요.,Today is Monday.  We have lunch.
오늘은 화요일이에요. 저는 물고기를 사요.,Today is Tuesday.  I buy fish.
오늘은 수요일이에요. 저는 책을 읽어요.,Today is Wednesday.  I read a book.
오늘은 목요일이에요. 저는 라디오를 들어요.,Today is Thursday.  I listen to the radio.
오늘은 금요일이에요. 남자들이 공원에 있어,Today is Friday.  Men are in the park
요.,yo. this.
오늘은 토요일이에요. 남자가 수영을 해요.,Today is Saturday.  The man swims.
월요일,monday
화요일,Tuesday
수요일,Wednesday
목요일,thursday
금요일,Friday
토요일,Saturday
일요일,Sunday
월요일,monday
화요일,Tuesday
수요일,Wednesday
목요일,thursday
금요일,Friday
토요일,Saturday
일요일,Sunday
여자아이들이 게임을 해요.,Girls play games.
아버지하고 아들들이 축구를 해요.,Father and sons play soccer.
남자아이들이 게임을 해요.,Boys play games.
여자아이들이 게임을 해요.,Girls play games.
남자아이들이 게임을 해요.,Boys play games.
남자아이가 축구를 해요.,The boy plays soccer.
아버지가 축구를 해요. 남자아이는 축구를 안,My father plays soccer.  The boy doesn't play soccer
해요.,do.
부모님이 아이들하고 같이 게임을 해요.,My parents play games with their children.
여자아이가 친구들하고 같이 빵을 먹어요.,The girl eats bread with her friends.
여자아이가 할아버지하고 같이 책을 읽어요.,The girl reads a book with her grandfather.
남자아이가 친구들하고 같이 수영을 해요.,The boy swims with his friends.
누구하고 같이 점심을 드세요?,Who do you have lunch with you?
여동생하고 같이 먹어요.,I eat with my sister.
누구하고 같이 저녁을 드세요?,Who do you have dinner with?
남편하고 같이 먹어요.,I eat with my husband.
남자아이가 할머니를 만나러 왔어요.,The boy came to see her grandmother.
여자아이가 친구를 만나러 왔어요.,The girl came to meet a friend.
여자가 파리에 놀러 왔어요.,The woman came to Paris.
남자가 모스크바에 놀러 왔어요.,The man came to Moscow.
뭐 해요?,what are you doing?
여동생하고 같이 게임을 해요.,I play the game with my sister.
뭐 해요?,what are you doing?
할머니를 만나러 왔어요.,I came to see my grandmother.
제 친구들을 만나러 왔어요.,I came to see my friends.
가족이 로마에 놀러 왔어요.,The family came to Rome.
남편하고 아내가 베이징에 놀러 왔어요.,My husband and my wife came to Beijing.
남자아이가 할아버지를 만나러 왔어요.,The boy came to see his grandfather.
. 계속,.  continue
저희 가족이에요.,It's my family.
저희 집이에요.,It's my house.
저희 손님들이에요.,Our guests.
저희 가족이에요.,It's my family.
저희 집이에요.,It's my house.
저희 손님들이에요.,Our guests.
이분들은 손님들이에요.,These are guests.
저는 일을 해요. 손님이 아니에요.,I work.  I'm not a guest.
남자는 손님이에요.,Men are guests.
저희 손님들이에요.,Our guests.
저희 손님들이 거실에 앉아 있어요.,Our guests are sitting in the living room.
저희는 손님들하고 같이 저녁을 먹어요.,We have dinner with our guests.
저희는 손님들하고 같이 게임을 해요.,We play games with our guests.
어서 오세요.,welcome.
어서 오세요.,welcome.
어서 오세요.,welcome.
어서 오세요.,welcome.
감사합니다.,thank you.
어서 오세요.,welcome.
감사합니다.,thank you.
안녕하세요?,hello?
안녕하세요?,hello?
어느 나라 사람이세요?,What country are you from?
러시아 사람이에요.,Russians.
어서 오세요.,welcome.
감사합니다.,thank you.
손님들이에요.,They are guests.
안녕하세요?,hello?
어서 오세요.,welcome.
감사합니다.,thank you.
여자가 커피 냄새를 맡아요.,The woman smells coffee.
남자가 꽃 냄새를 맡아요.,The man smells flower.
여자가 밥 맛을 봐요.,The woman tastes rice.
사람들이 빵 맛을 봐요.,People taste bread.
빵 맛이 좋아요.,The bread tastes good.
우유 맛이 안 좋아요.,Milk tastes bad.
꽃 냄새가 좋아요.,The smell of flowers is good.
양말 냄새가 안 좋아요.,The smell of socks is not good.
여자가 빵 맛을 봐요.,The woman tastes bread.
사과 맛이 좋아요.,The apple taste is good.
커피 맛이 안 좋아요.,The coffee tastes bad.
남자가 우유 냄새를 맡아요.,The man smells milk.
꽃 냄새가 좋아요.,The smell of flowers is good.
물고기 냄새가 안 좋아요.,The smell of fish is not good.
남자가 우유 냄새를 맡아요.,The man smells milk.
우유 냄새가 안 좋아요.,The smell of milk is not good.
여자들이 밥 맛을 봐요.,The women taste rice.
밥 맛이 좋아요.,The rice tastes good.
냄새가 안 좋아요.,It smells bad.
냄새가 좋아요.,It smells good.
맛이 안 좋아요.,It tastes bad.
맛이 좋아요.,It tastes good.
손가락 네 개,Four fingers
손 세 개,Three
발가락 열 개,Ten
발 한 개,Dog
손,hand
손가락,finger
발,foot
발가락,toes
발이 풀 위에 있어요.,The feet are on the grass.
발가락이 물 안에 있어요.,The toes are in the water.
손이 창문에 있어요.,The hand is on the window.
손가락이 탁자 위에 있어요.,My finger is on the table.
봄,spring
여름,summer
가을,autumn
겨울,winter
겨울 집,Winter house
봄 공원,Spring park
여름 도시,Summer city
가을 나무,Autumn
겨울이에요.,It's winter.
봄이에요.,It's spring.
여름이에요.,It's summer.
가을이에요.,It's autumn.
겨울에 저희 집에 오세요.,Come to my house in winter.
여름에 저희 집에 오세요.,Come to my house in summer.
이게 제 겨울 모자예요.,This is my winter hat.
이게 제 여름 모자예요.,This is my summer hat.
안녕하세요? 제 이름은 데이비드 브라운이에,hello?  My name is David Brown
요.,yo. this.
제 이름은 마이클 레비예요.,My name is Michael Levi.
만나서 반갑습니다.,Nice to meet you.
어디에 사세요?,Where do you live?
빨간색 집에 살아요.,I live in a red house.
어디에서 일을 하세요?,Where do you work?
식당에서 일을 해요.,I work in a restaurant.
언제 일을 하세요?,When do you work?
월요일, 화요일, 목요일에 일을 해요.,I work on Monday, Tuesday and Thursday.
안녕하세요?,hello?
안녕하세요?,hello?
아들이 몇 살이에요?,How old is your son?
두 살이에요.,I'm two years old.
. 핵심 강좌,.  Core class
남자가 편지를 써요.,The man writes a letter.
여자가 신문을 읽어요.,The woman reads the newspaper.
남자가 말을 해요.,The man speaks.
여자가 말을 해요.,The woman speaks.
남자가 중국어 신문을 읽어요.,The man reads the Chinese newspaper.
여자가 영어를 읽어요.,The woman read English.
남자아이가 아랍어를 써요.,The boy writes Arabic.
여자아이가 한글을 써요.,The girl writes Hangul.
남자가 아랍어를 써요.,The man writes Arabic.
남자가 아랍어 신문을 읽어요.,The man reads the Arabic newspaper.
남자가 아랍어로 말을 해요.,The man speaks in Arabic.
여자가 중국어를 써요.,A woman speaks Chinese.
여자가 중국어 신문을 읽어요.,A woman reads a Chinese newspaper.
여자가 중국어로 말을 해요.,The woman speaks in Chinese.
여자아이가 영어로 말을 해요.,The girl speaks in English.
남자아이가 한국어로 말을 해요.,The boy speaks in Korean.
남자가 영어로 말을 해요.,The man speaks in English.
여자가 한국어로 말을 해요.,The woman speaks in Korean.
남자가 한글을 써요.,The man writes Hangul.
남자가 한글을 읽어요.,The man reads Hangul.
남자가 한국어로 말을 해요.,The man speaks in Korean.
저는 중국어 신문을 읽어요.,I read a Chinese newspaper.
저는 중국어를 써요.,I write Chinese.
저는 한글을 읽어요.,I read Hangul.
저는 한글을 써요.,I write Hangul.
남자는 호주 사람이에요.,Men are Australians.
여자는 러시아 사람이에요.,Women are Russians.
여자아이는 일본 사람이에요.,Girls are Japanese.
남자아이는 한국 사람이에요.,The boy is Korean.
개, 고양이, 말은 동물이에요.,Dogs, cats, horses are animals.
남자, 여자, 여자아이, 남자아이는 사람이에,Men, girls, girls, boys
요.,yo. this.
. 계속,.  continue
동물이에요.,It's an animal.
사람이에요.,It's a person.
동물들이에요.,Animals.
사람들이에요.,People.
이집트 사람들은 아랍어를 해요.,Egyptians do Arabic.
중국 사람들은 중국어를 해요.,Chinese people speak Chinese.
한국 사람들은 한국어를 해요.,Koreans speak Korean.
호주 사람들은 영어를 해요.,Australians speak English.
여자는 중국 사람이에요. 그리고 중국어를 해,Women are Chinese.  And speak Chinese
요.,yo. this.
이 동물은 중국에 살아요. 하지만 중국어를,This animal lives in China.  But speaking Chinese
못해요.,I can not.
남자는 호주 사람이에요. 그리고 영어를 해,Men are Australians.  And he speaks English
요.,yo. this.
이 동물은 호주에 살아요. 하지만 영어를 못,This animal lives in Australia.  But I can't speak English
해요.,do.
이 남자는 중국어를 해요.,This man speaks Chinese.
이 남자는 아랍어를 해요.,This man is Arabic.
이 남자는 영어를 해요.,This man speaks English.
이 아이는 한국어를 해요.,This child speaks Korean.
저는 중국어를 해요.,I speak Chinese.
저는 아랍어를 해요.,I do Arabic.
저는 영어를 해요.,I speak English.
저는 한국어를 해요.,I speak Korean.
아랍어를 하세요?,Do you speak Arabic?
네. 저는 아랍어를 해요.,yes.  I do Arabic.
중국어를 하세요?,Do you speak Chinese?
아니요. 저는 중국어를 못해요.,no.  I can't speak Chinese.
실례합니다. 중국어를 하세요?,Excuse me.  Do you speak Chinese?
아니요. 중국어를 못해요.,no.  I can't speak Chinese.
실례합니다. 중국어를 하세요?,Excuse me.  Do you speak Chinese?
네. 중국어를 해요.,yes.  I speak Chinese.
실례합니다.,Excuse me.
영어를 하세요?,Do you speak English?
네. 영어를 해요.,yes.  I speak English.
실례합니다.,Excuse me.
한국어를 하세요?,Do you speak Korean?
네. 한국어를 해요.,yes.  I speak Korean.
허리띠 열 개,Ten
십,ten
찻잔 스무 개,Twenty -cup
이십,Twenty
공 서른 개,Thirty balls
삼십,thirty
접시 마흔 개,Forty
사십,Fourty
넥타이 쉰 개,Tie
오십,fifty
모자 예순 개,Hat's sixty dog
육십,sixty
찻잔 스무 개,Twenty -cup
찻잔 스물한 개,Twenty -one
찻잔 스물두 개,Twenty -one
접시 스물세 개,Twenty -three
접시 스물네 개,Twenty -four dishes
접시 스물다섯 개,Twenty -five plates
그릇 서른네 개,Thirty
그릇 서른다섯 개,Thirty -five bowls
그릇 서른여섯 개,Thirty -six
접시 서른일곱 개,Thirty seven plates
접시 서른여덟 개,Thirty -eight plates
접시 서른아홉 개,Thirty -nine
사십사,Forty
사십오,Forty -five
사십육,Forty
사십칠,Forty years
사십팔,Forty arms
사십구,Forty
사십,Fourty
사십일,Forty days
사십이,Forty-two
사십삼,Thirty -three
사십사,Forty
사십오,Forty -five
사십육,Forty
사십칠,Forty years
사십팔,Forty arms
사십구,Forty
십,ten
이십,Twenty
삼십,thirty
사십,Fourty
오십,fifty
육십,sixty
몇 살이세요?,How old are you?
마흔다섯 살이에요.,I'm forty -five years old.
저분은 몇 살이세요?,How old are he?
서른 살이세요.,You are thirty years old.
몇 살이세요?,How old are you?
서른다섯 살이에요.,I'm thirty -five years old.
접시가 몇 개 있어요?,How many plates do you have?
스물네 개 있어요.,There are twenty -four dogs.
그릇이 몇 개 있어요?,How many bowls do you have?
마흔다섯 개 있어요.,There are five forty.
손님이 몇 명이에요?,How many guests are there?
서른 명이에요.,There are thirty people.
저는 영어를 가르쳐요.,I teach English.
남자가 아랍어를 가르쳐요.,The man teaches Arabic.
여자가 중국어를 가르쳐요.,The woman teaches Chinese.
한국어를 가르치세요?,Do you teach Korean?
남자가 아이들한테 아랍어를 가르쳐요.,The man teaches children to Arabic.
남자가 아이들한테 영어를 가르쳐요.,The man teaches the children English.
여자가 아이들한테 중국어를 가르쳐요.,The woman teaches her Chinese.
남자가 아이들한테 한국어를 가르쳐요.,The man teaches Korean to children.
저는 중국어를 공부해요.,I study Chinese.
남자가 아랍어를 공부해요.,The man studies Arabic.
아이들이 영어를 공부해요.,Children study English.
저희는 한국어를 공부해요.,We study Korean.
저는 영어를 가르쳐요.,I teach English.
아이들은 영어를 공부해요.,Children study English.
선생님은 아랍어를 가르치세요.,The teacher teaches Arabic.
저희는 아랍어를 공부해요.,We study Arabic.
누가 선생님이세요?,Who is your teacher?
이분이 저희 선생님이세요.,This is my teacher.
누가 선생님이세요?,Who is your teacher?
저분이 저희 선생님이세요.,He is my teacher.
저는 중국어를 가르쳐요.,I teach Chinese.
저희는 중국어를 공부해요.,We study Chinese.
저는 한국어를 가르쳐요.,I teach Korean.
저는 한국어를 공부해요.,I study Korean.
제 이름은 림이에요.,My name is Lim.
저는 아랍어를 해요. 하지만 영어를 공부해,I do Arabic.  But studying English
요.,yo. this.
저희 선생님이세요. 선생님 성함은 하다드예,You are our teacher.  Teacher's name is
요.,yo. this.
제 이름은 린이에요.,My name is Lin.
저희 부모님은 중국 사람이세요.,My parents are Chinese.
저희는 뉴욕에 살아요.,We live in New York.
저희 부모님은 영어를 못하세요.,My parents can't speak English.
저는 영어하고 중국어를 해요.,I speak English and speak Chinese.
저는 한국어를 공부해요.,I study Korean.
. 핵심 강좌,.  Core class
남자아이가 일어나요.,The boy wakes up.
남편이 아내를 깨워요.,My husband wakes up his wife.
남자가 친구를 깨워요.,The man wakes up his friend.
여자아이가 일어나요.,The girl wakes up.
남자아이가 일어나요.,The boy wakes up.
여자가 일어나요.,A woman wakes up.
여자아이가 일어나요.,The girl wakes up.
남자가 일어나요.,A man gets up.
할머니가 여자아이를 깨워요.,Grandma wakes up a girl.
여자가 일어나요.,A woman wakes up.
남자가 일어나요.,A man gets up.
아버지가 아이를 깨워요.,My father wakes up the child.
남자가 빨래를 해요.,The man is laundry.
여자가 빨래를 해요.,The woman is laundry.
남자아이가 설거지를 해요.,The boy is washing the dishes.
여자아이가 설거지를 해요.,The girl is washing the dishes.
저는 빨래를 해요.,I do laundry.
사람들이 설거지를 해요.,People are washing dishes.
남자가 빨래를 해요.,The man is laundry.
저는 손을 씻어요.,I wash my hands.
여자가 발을 씻어요.,The woman washes her feet.
남자가 손을 씻어요.,The man washes his hands.
여자가 머리를 감아요.,The woman washes her head.
저는 머리를 감아요.,I wash my head.
남자가 세수해요.,The man is washed away.
남자가 머리를 감아요.,The man washes his head.
여자아이가 설거지를 해요.,The girl is washing the dishes.
저는 빨래를 해요.,I do laundry.
여자아이가 손을 씻어요.,The girl washes her hands.
여자아이가 세수해요.,The girl is washed away.
여자가 세수해요.,The woman washes her face.
사람들의 얼굴이 보라색하고 노란색이에요.,People's face is purple and yellow.
공이 남자의 발 위에 있어요.,The ball is on the man's feet.
공이 남자의 손가락 위에 있어요.,The ball is on the man's finger.
공이 남자의 얼굴 위에 있어요.,The ball is on the man's face.
길이 젖어 있어요.,The road is wet.
티셔츠가 말라 있어요.,The t -shirt is dry.
개가 젖어 있어요.,The dog is wet.
고양이가 말라 있어요.,The cat is dry.
말들이 젖어 있어요.,The horses are wet.
말들이 말라 있어요.,The horses are dry.
여자의 머리가 젖어 있어요.,The woman's head is wet.
여자아이의 머리가 말라 있어요.,The girl's head is dry.
양말이 더러워요.,The socks are dirty.
셔츠가 깨끗해요.,The shirt is clean.
여자아이의 얼굴이 더러워요.,The girl's face is dirty.
남자의 얼굴이 깨끗해요.,The man's face is clean.
셔츠가 더러워요.,The shirt is dirty.
셔츠가 젖어 있어요.,The shirt is wet.
셔츠가 깨끗해요. 그리고 말라 있어요.,The shirt is clean.  And it's dry.
엄마가 어디에 계세요?,Where is your mom?
욕실에 계세요.,Be in the bathroom.
아빠가 어디에 계세요?,Where is your dad?
주방에 계세요.,Be in the kitchen.
왜 손을 씻으세요?,Why wash your hands?
더러워서 씻어요.,Wash it because it's dirty.
왜 스웨터를 입으셨어요?,Why did you wear a sweater?
추워서 입었어요.,I wore it because it was cold.
아빠가 왜 주방에 계세요?,Why is your dad in the kitchen?
요리를 해서 주방에 계세요.,Cook and stay in the kitchen.
왜 물을 마시세요?,Why do you drink water?
목이 말라서 마셔요.,Drink because you are thirsty.
왜 욕실에 계세요?,Why are you in the bathroom?
손을 씻어서 욕실에 있어요.,I wash my hands and in the bathroom.
왜 손을 씻으세요?,Why wash your hands?
더러워서 씻어요.,Wash it because it's dirty.
칫솔,toothbrush
칫솔,toothbrush
칫솔,toothbrush
치약,toothpaste
치약이,Toothpaste
빗빗빗,Bbitbit
비누,soap
비누,soap
수건,Towel
칫솔,toothbrush
치약이빗,Toothpaste
비누,soap
수건,Towel
여자가 머리를 빗어요.,The woman combs her head.
남자가 이를 닦아요.,The man wipes the teeth.
여자아이들이 머리를 빗어요.,Girls comb their heads.
남자아이들이 이를 닦아요.,Boys wipe their teeth.
저는 이를 닦아요.,I wipe my teeth.
여자아이는 머리를 빗어요.,The girl combs her head.
어머니하고 딸은 손을 씻어요.,My mother and daughter wash their hands.
남자아이는 이를 닦아요.,The boy wipes the teeth.
여자가 머리를 감아요.,The woman washes her head.
남자가 이를 닦아요.,The man wipes the teeth.
남자가 머리를 감아요.,The man washes his head.
여자가 머리를 빗어요.,The woman combs her head.
여자는 빗을 사요.,The woman buys a comb.
남자들은 비누로 손을 씻어요.,Men wash their hands with soap.
저는 칫솔로 이를 닦아요.,I wipe my teeth with a toothbrush.
어머니가 딸을 깨워요.,My mother wakes up her daughter.
딸이 머리를 빗어요.,My daughter combs her head.
여자아이의 오빠가 이를 닦아요.,The girl's brother wipes the teeth.
아버지가 세수해요.,My father washes my face.
저는 점심 먹기 전에 손을 씻어요.,I wash my hands before lunch.
저는 아침 먹은 후에 이를 닦아요.,I wipe my teeth after breakfast.
저는 저녁 먹은 후에 커피를 마셔요.,I drink coffee after dinner.
베개,Pillow
베개,Pillow
베개,Pillow
시트,Sheet
시트,Sheet
이불,blanket
시트,Sheet
베개,Pillow
이불,blanket
수건,Towel
저는 이불이 있어요.,I have a blanket.
시트가 침대 위에 있어요.,The sheet is on the bed.
고양이가 베개 위에 있어요.,The cat is on the pillow.
수건이 욕실 안에 있어요.,The towel is in the bathroom.
분홍색 시트가 깨끗해요.,The pink sheet is clean.
분홍색 베개가 깨끗해요.,The pink pillow is clean.
분홍색 이불이 깨끗해요.,The pink blanket is clean.
분홍색 수건이 깨끗해요.,The pink towel is clean.
왜 개 냄새가 안 좋아요?,Why does the dog smell bad?
더러워서 안 좋아요.,It's not good because it's dirty.
왜 시트 냄새가 좋아요?,Why do you like the smell of the sheet?
깨끗해서 좋아요.,It's good to be clean.
왜 사람들이 주방에 있어요?,Why are people in the kitchen?
설거지를 해서 주방에 있어요.,I wash dishes and are in the kitchen.
왜 사람들이 거실에 있어요?,Why are people in the living room?
텔레비전을 봐서 거실에 있어요.,I'm in the living room for watching television.
. 계속,.  continue
부모님이 거실에서 신문을 읽어요.,My parents read the newspaper in the living room.
여자가 방에서 자요.,A woman sleeps in the room.
여자아이가 방에서 책을 읽어요.,The girl reads a book in the room.
남자아이가 거실에서 자요.,The boy sleeps in the living room.
뭐 사세요?,What do you live?
꽃을 사요.,Buy flowers.
몇 송이를 사세요?,How many pieces do you buy?
아홉 송이를 사요.,I buy nine.
왜 꽃을 사세요?,Why buy flowers?
오늘 오후에 할머니를 만나러 가서 사요.,I go to see my grandmother this afternoon and buy it.
할머니가 어디에 사세요?,Where do my grandmother live?
뉴욕에 사세요.,Live in New York.
. 이정표,.  milestone
안녕하세요, 제인 씨?,Hello, Jane?
안녕하세요?,hello?
그릇이 몇 개 있어요?,How many bowls do you have?
두 개 있어요.,There are two.
점심을 밖에서 먹어요?,Do you have lunch outside?
아니요. 안에서 먹어요.,no.  Eat inside.
냄새가 좋아요?,Do you like the smell?
네. 냄새가 좋아요.,yes.  It smells good.
맛이 좋아요?,Is it good?
네. 맛이 좋아요.,yes.  It tastes good.
이게 뭐예요?,What's this?
밥이에요.,It's rice.
안녕하세요?,hello?
안녕하세요?,hello?
안녕하세요?,hello?
안녕하세요?,hello?
어떻게 지내세요?,how are you doing?
잘 지내요.,I'm doing great.
이분은 제 친구 애나 씨예요.,This is my friend Anna.
애나 씨는 러시아 사람이세요.,Anna is a Russian.
한국어를 하세요?,Do you speak Korean?
네. 한국어를 해요.,yes.  I speak Korean.
만나서 반갑습니다.,Nice to meet you.
만나서 반갑습니다.,Nice to meet you.
어디에서 일을 하세요?,Where do you work?
학교에서 일을 해요.,I work at school.
어디에서 일을 하세요?,Where do you work?
병원에서 일을 해요.,I work in the hospital.
축구를 하세요?,Do you play soccer?
네. 축구를 해요.,yes.  I play soccer.
축구를 하세요?,Do you play soccer?
네. 축구를 해요.,yes.  I play soccer.
언제 축구를 하세요?,When do you play soccer?
저녁에 해요.,Do it in the evening.
어디에서 축구를 하세요?,Where do you play soccer?
공원에서 축구를 해요.,I play soccer in the park.
안녕히 계세요.,good bye.
안녕히 가세요.,goodbye.
안녕히 계세요.,good bye.
안녕히 가세요.,goodbye.
어디에 계세요?,Where are you?
주방에 있어요.,It's in the kitchen.
뭐 하세요?,What are you doing?
설거지를 해요.,I wash the dishes.
왜 설거지를 하세요?,Why do you wash the dishes?
접시들이 더러워서 설거지를 해요.,The dishes are dirty, so I wash the dishes.
. 핵심 강좌,.  Core class
여자들은 우산이 있어요.,Women have an umbrella.
남자는 표가 있어요.,The man has a ticket.
여자는 선글라스가 있어요.,The woman has sunglasses.
남자들은 사다리가 있어요.,Men have a ladder.
우산,umbrella
표,graph
선글라스,sunglasses
사다리,ladder
남자는 사다리가 필요해요.,The man needs a ladder.
남자아이는 수건이 필요해요.,The boy needs a towel.
여자아이는 비누가 필요해요.,Girls need soap.
여자아이는 선글라스가 필요해요.,Girls need sunglasses.
여자는 돈이 필요해요.,The woman needs money.
남자는 돈이 있어요.,The man has money.
돈이 탁자 위에 있어요.,The money is on the table.
남자는 돈이 필요해요.,The man needs money.
여자는 돈이 있어요.,The woman has money.
남자는 우산이 필요해요.,The man needs an umbrella.
여자는 우산이 있어요.,The woman has an umbrella.
저는 선글라스가 있어요.,I have sunglasses.
저는 선글라스가 필요해요.,I need sunglasses.
표가 있으세요?,Do you have a ticket?
표가 필요하세요?,Do you need a ticket?
열쇠가 필요하세요?,Do you need a key?
네. 열쇠가 필요해요.,yes.  I need a key.
돈이 필요해요?,Do you need money?
네. 돈이 필요해요.,yes.  I need money.
보석,jewelry
보석,jewelry
보석,jewelry
옷,clothes
옷,clothes
장난감,toy
. 계속,.  continue
과일,fruit
과일,fruit
과일,fruit
야채,vegetable
야채,vegetable
고기,meat
고기,meat
야채,vegetable
과일,fruit
장난감,toy
옷,clothes
보석,jewelry
사람들이 고기를 사요.,People buy meat.
남자가 옷을 사요.,The man buys clothes.
여자가 장난감을 사요.,A woman bought a toy.
사람들이 야채를 사요.,People buy vegetables.
이 흰색 집은 오래된 집이에요.,This white house is an old house.
이 녹색 차는 새 차예요.,This green car is a new car.
이 책은 오래된 책이에요.,This book is an old book.
이 펜은 새 펜이에요.,This pen is a new pen.
이 검은색 차는 오래된 차예요.,This black car is an old car.
이 의자는 오래된 의자예요.,This chair is an old chair.
이 우산은 오래된 우산이에요.,This umbrella is an old umbrella.
이 스웨터는 오래된 스웨터예요.,This sweater is an old sweater.
오래된 텔레비전,Old television
새 텔레비전,New television
오래된 전화기,Old phone
새 전화기,New telephone
남자가 과일을 팔아요.,The man sells fruit.
남자가 차를 팔아요.,The man sells the car.
여자가 과일하고 야채를 팔아요.,The woman sells fruit and vegetables.
여자가 꽃을 팔아요.,The woman sells flowers.
여자가 오래된 모자를 팔아요.,The woman sells old hats.
여자가 오래된 차를 팔아요.,The woman sells old cars.
저는 새 우산을 팔아요.,I sell a new umbrella.
저는 새 차를 팔아요.,I sell a new car.
남자가 오래된 모자를 사요.,The man buys an old hat.
남자가 오래된 차를 사요.,A man buys old cars.
저는 새 우산을 사요.,I buy a new umbrella.
저는 새 차를 사요.,I buy a new car.
이 가게는 오래된 보석을 팔아요.,This store sells old gems.
이 가게는 새 보석을 팔아요.,This store sells new jewels.
이 가게는 오래된 책을 팔아요.,This store sells old books.
이 가게는 새 책을 팔아요.,This store sells a new book.
슈퍼마켓,supermarket
슈퍼마켓,supermarket
슈퍼마켓,supermarket
철물점,Hardware
철물점,Hardware
금은방,Gold silver room
슈퍼마켓,supermarket
철물점,Hardware
금은방,Gold silver room
사람들이 슈퍼마켓에서 쇼핑해요.,People are shopping at the supermarket.
여자가 철물점에서 쇼핑해요.,A woman shopping at a hardware store.
남자가 금은방에서 쇼핑해요.,The man shopping in a gold silver room.
저는 책을 읽어요.,I read a book.
남자가 약을 사요.,A man buy medicine.
아이들이 초콜릿을 먹어요.,The children eat chocolate.
여자가 케이크를 팔아요.,The woman sells the cake.
사람들이 슈퍼마켓에서 야채를 사요.,People buy vegetables in supermarkets.
여자가 약국에서 약을 사요.,A woman buy medicine at a pharmacy.
엄마는 제과점에서 케이크를 사요.,Mom buys a cake at a bakery.
여자가 서점에서 책을 사요.,A woman buys a book at a bookstore.
남자는 서점에서 책을 사요.,The man buys a book at a bookstore.
저는 철물점에서 사다리를 사요.,I buy a ladder at a hardware store.
저희는 금은방에서 보석을 팔아요.,We sell jewels in gold silver room.
여자는 약국에서 약을 팔아요.,The woman sells medicine at the pharmacy.
초콜릿,chocolate
케이크,cake
약,approximately
약국,pharmacy
서점,bookstore
제과점,bakery
고장 난 텔레비전,Broken television
고장 난 장난감,Breakdown
고장 난 라디오,Broken radio
고장 난 전화기,Breakdown
텔레비전이 고장 났어요.,The television is broken.
장난감이 고장 났어요.,The toy is broken.
사다리가 안 고장 났어요.,The ladder is not broken.
여자의 안경이 안 고장 났어요.,The woman's glasses are not broken.
여자아이는 초콜릿을 원해요.,The girl wants chocolate.
남자아이는 장난감을 원해요.,The boy wants a toy.
여자는 보석을 원해요.,The woman wants a jewel.
개는 고기를 원해요.,Dogs want meat.
저는 밖에서 놀고 싶어요.,I want to play outside.
저는 새 컴퓨터를 사고 싶어요.,I want to buy a new computer.
고양이가 물고기를 먹고 싶어 해요.,I want a cat to eat fish.
남자아이들이 수영을 하고 싶어 해요.,Boys want to swim.
여자아이는 코트가 필요해요.,The girl needs a coat.
여자는 보라색 코트를 사고 싶어 해요.,The woman wants to buy a purple coat.
남자는 안경이 필요해요.,The man needs glasses.
남자는 빨간색 안경을 사고 싶어 해요.,The man wants to buy red glasses.
실례합니다. 슈퍼마켓이 어디에 있어요?,Excuse me.  Where is the supermarket?
슈퍼마켓은 다리 가까이에 있어요.,The supermarket is near the legs.
실례합니다. 제과점이 어디에 있어요?,Excuse me.  Where is the bakery?
제과점은 종로에 있어요.,The bakery is in Jongno.
실례합니다. 저는 약이 필요해요. 약국이 어,Excuse me.  I need medicine.  Pharmacy
디에 있어요?,Are you in D?
약국은 병원 가까이에 있어요.,The pharmacy is near the hospital.
실례합니다. 저는 책이 필요해요. 서점이 어,Excuse me.  I need a book.  Bookstore uh
디에 있어요?,Are you in D?
서점은 공원 가까이에 있어요.,The bookstore is near the park.
여자는 보석을 원해요.,The woman wants a jewel.
남자아이는 케이크를 원해요.,The boy wants a cake.
여자는 안경이 필요해요.,A woman needs glasses.
남자아이는 약이 필요해요.,The boy needs medicine.
저는 새 텔레비전이 필요해요.,I need a new television.
새 텔레비전이 왜 필요하세요?,Why do you need a new television?
오래된 텔레비전이 고장 나서요.,Old television breaks down.
저는 새 우산이 필요해요.,I need a new umbrella.
새 우산이 왜 필요하세요?,Why do you need a new umbrella?
오래된 우산이 고장 나서요.,The old umbrella broke down.
뭐 사세요?,What do you live?
과일하고 초콜릿을 사요.,I buy fruit and chocolate.
뭐 사세요?,What do you live?
고기하고 야채를 사요.,Meat and buy vegetables.
실례합니다. 여기가 약국이에요?,Excuse me.  Is this a pharmacy?
아니요. 여기는 서점이에요. 약국은 을지로,no.  This is a bookstore.  The pharmacy is Euljiro
에 있어요.,It's in.
실례합니다. 여기가 제과점이에요?,Excuse me.  Is this a bakery?
아니요. 여기는 슈퍼마켓이에요. 제과점은 공,no.  This is a supermarket.  The bakery is a ball
원 가까이에 있어요.,It's near the circle.
철물점이 어디에 있어요?,Where is the hardware store?
철물점은 서점 가까이에 있어요.,The hardware store is near the bookstore.
뭐가 필요하세요?,What do you need?
새 사다리가 필요해요.,I need a new ladder.
새 사다리가 왜 필요하세요?,Why do you need a new ladder?
오래된 사다리가 고장 나서요.,The old ladder broke down.
. 핵심 강좌,.  Core class
연극,theater
연극,theater
연극,theater
음악회,concert
음악회,concert
영화,movie
아들하고 아버지가 영화를 봐요.,My son and my father watched the movie.
사람들이 연극을 봐요.,People look at the play.
남자하고 여자가 음악회에 있어요.,A man and a woman are at the concert.
사람들이 라디오를 들어요.,People listen to the radio.
축구,Soccer
축구,Soccer
축구,Soccer
골프,golf
골프,golf
테니스,tennis
음악회,concert
연극,theater
영화,movie
축구,Soccer
테니스,tennis
골프,golf
오렌지,orange
주스,juice
차,car
당근,carrot
여자아이가 주스를 마셔요.,The girl drinks juice.
여자하고 남자가 차를 마셔요.,A woman and a man drink tea.
남자가 당근을 먹어요.,The man eats carrots.
여자가 오렌지를 먹어요.,The woman eats orange.
남자아이가 축구를 좋아해요.,The boy likes football.
남자아이가 당근을 안 좋아해요.,The boy doesn't like carrots.
여자아이가 말을 좋아해요.,The girl likes speaking.
여자아이가 주스를 안 좋아해요.,The girl doesn't like juice.
남자가 골프를 좋아해요.,The man likes golf.
남자아이가 테니스를 안 좋아해요.,The boy doesn't like tennis.
할머니들이 차를 좋아해요.,Grandmothers like tea.
여자아이가 빨간색 신발을 안 좋아해요.,Girl doesn't like red shoes.
남자가 이 음악회를 좋아해요.,The man likes this concert.
남자가 오렌지를 안 좋아해요.,The man doesn't like orange.
남자가 오렌지를 좋아해요.,The man likes orange.
여자아이가 달리는 걸 좋아해요.,I like girls running.
여자가 책 읽는 걸 좋아해요.,I like women reading books.
남자가 요리하는 걸 좋아해요.,I like a man cooking.
남자아이가 수영하는 걸 좋아해요.,I like a boy swimming.
여자들이 골프를 쳐요.,Women play golf.
여자들이 축구를 해요.,Women play soccer.
여자들이 테니스를 쳐요.,Women hit tennis.
여자아이가 축구 하는 걸 안 좋아해요.,I don't like girls playing soccer.
남자가 축구 하는 걸 좋아해요.,I like men playing soccer.
남자아이가 테니스 치는 걸 안 좋아해요.,I don't like the boy playing tennis.
여자가 테니스 치는 걸 좋아해요.,I like a woman playing tennis.
뭐 하는 걸 좋아하세요?,What do you like?
저는 축구 하는 걸 좋아해요.,I like soccer.
뭐 하는 걸 좋아하세요?,What do you like?
저는 책 읽는 걸 좋아해요.,I like to read books.
뭐 하는 걸 좋아하세요?,What do you like?
저는 라디오 듣는 걸 좋아해요.,I like to listen to the radio.
뭐 하는 걸 좋아하세요?,What do you like?
저는 요리하는 걸 좋아해요.,I like to cook.
아들이 엄마보다 주스를 더 많이 가지고 있어,My son has more juice than my mother
요.,yo. this.
딸이 엄마보다 오렌지를 더 많이 가지고 있,My daughter has more orange than her mother
어요.,Oh.
선생님이 학생보다 책을 더 많이 가지고 있,The teacher has more books than the student
어요.,Oh.
딸이 아빠보다 케이크를 더 많이 가지고 있,My daughter has more cakes than his father
어요.,Oh.
남편이 아내보다 차를 더 조금 가지고 있어,My husband has a little more car than his wife
요.,yo. this.
여자아이가 친구보다 빵을 더 조금 가지고 있,The girl has a little more bread than a friend
어요.,Oh.
어머니가 아들보다 주스를 더 조금 가지고 있,My mother has a little more juice than his son
어요.,Oh.
아버지가 아들보다 케이크를 더 조금 가지고,My father has a little more cake than his son
있어요.,there is.
남편이 아내보다 빵을 더 많이 가지고 있어,My husband has more bread than my wife
요.,yo. this.
남편이 아내보다 빵을 더 조금 가지고 있어,My husband has a little more bread than my wife
요.,yo. this.
아내가 남편보다 돈을 더 많이 가지고 있어,My wife has more money than her husband
요.,yo. this.
아내가 남편보다 돈을 더 조금 가지고 있어,My wife has a little more money than her husband
요.,yo. this.
어떤 동물이 커요?,Which animal is big?
이 동물이 커요.,This animal is big.
어떤 동물이 작아요?,Which animal is small?
이 동물이 작아요.,This animal is small.
어떤 과일이 빨간색이에요?,What fruits are red?
이 과일이 빨간색이에요.,This fruit is red.
어떤 과일이 녹색이에요?,What fruits are green?
이 과일이 녹색이에요.,This fruit is green.
어떤 장난감이 커요?,What toys are big?
파란색 장난감이 커요.,Blue toys are big.
어떤 장난감이 작아요?,What toys are small?
노란색 장난감이 작아요.,The yellow toy is small.
어떤 셔츠가 분홍색이에요?,Which shirt is pink?
작은 셔츠가 분홍색이에요.,Small shirts are pink.
누가 파란색 티셔츠를 입었어요?,Who wears a blue t -shirt?
어떤 셔츠가 빨간색이에요?,Which shirt is red?
누가 골프를 쳐요?,Who plays golf?
어떤 공이 흰색이에요?,What ball is white?
누가 선글라스를 썼어요?,Who used sunglasses?
어떤 선글라스가 분홍색이에요?,Which sunglasses are pink?
저는 축구보다 테니스가 더 좋아요.,I like tennis more than soccer.
저는 오렌지보다 사과가 더 좋아요.,I have a better apple than orange.
저는 주스보다 우유가 더 좋아요.,I like milk more than juice.
저는 커피보다 차가 더 좋아요.,I have a better car than coffee.
어떤 신발이 더 좋으세요?,Which shoes are you better?
저는 녹색 신발보다 파란색 신발이 더 좋아,I like blue shoes more than green shoes
요.,yo. this.
어떤 셔츠가 더 좋으세요?,Which shirt is better?
저는 파란색 셔츠보다 검은색 셔츠가 더 좋,I have a better black shirt than a blue shirt
아요.,Ah.
어떤 자전거가 더 좋으세요?,Which bike is better?
저는 분홍색 자전거보다 녹색 자전거가 더 좋,I like green bicycles than pink bicycles
아요.,Ah.
어떤 원피스가 더 좋으세요?,Which dress is better?
저는 흰색 원피스보다 빨간색 원피스가 더 좋,I like red dresses better than white dresses
아요.,Ah.
어떤 집이 더 좋으세요?,Which house is better?
저는 오래된 집보다 새 집이 더 좋아요.,I like a new house more than an old house.
어떤 차가 더 좋으세요?,What kind of car is better?
저는 새 차보다 오래된 차가 더 좋아요.,I like old cars better than new cars.
오 달러,Od dollar
십 유로,Ten euros
십오 파운드,Fifteen
셔츠가 십이 파운드예요.,The shirt is twelve pounds.
책이 십오 달러예요.,The book is fifteen dollars.
선글라스가 이십 유로예요.,The sunglasses are twenty euros.
당근이 얼마예요?,How much is carrots?
삼 달러예요.,It's three dollars.
차가 얼마예요?,How much is the car?
이 유로예요.,This euro.
영화 표가 얼마예요?,How much is the movie ticket?
구 파운드예요.,It's an old pound.
. 계속,.  continue
음악회 표가 얼마예요?,How much is the concert table?
사십 유로예요.,It's forty euros.
샌드위치가 얼마예요?,How much is the sandwich?
삼 파운드예요.,It's a pound.
오렌지 주스가 얼마예요?,What is the orange juice?
일 달러예요.,It's a dollar.
텔레비전이 선글라스보다 더 비싸요.,Television is more expensive than sunglasses.
모자가 코트보다 더 싸요.,The hat is cheaper than the coat.
음악회 표가 영화 표보다 더 비싸요.,The concert is more expensive than the movie ticket.
신문이 책보다 더 싸요.,The newspaper is cheaper than a book.
파란색 바지가 녹색 바지보다 더 비싸요.,Blue pants are more expensive than green pants.
보라색 자전거가 노란색 자전거보다 더 싸요.,Purple bicycles are cheaper than yellow bicycles.
검은색 전화기가 흰색 전화기보다 더 비싸요.,Black phone is more expensive than white phones.
검은색 선글라스가 빨간색 선글라스보다 더,Black sunglasses are more than red sunglasses
싸요.,it's cheap.
어떤 치마가 더 좋으세요?,Which skirt is better?
저는 파란색 치마가 흰색 치마보다 더 좋아,I like blue skirts better than white skirts
요.,yo. this.
파란색 셔츠가 얼마예요?,How much is a blue shirt?
칠 유로예요.,It's Chil Euro.
어떤 스웨터가 더 좋으세요?,Which sweater is better?
저는 회색 스웨터가 보라색 스웨터보다 더 좋,I am better than purple sweaters
아요.,Ah.
회색 스웨터가 얼마예요?,How much is the gray sweater?
이십구 달러예요.,It's a twenty dollar.
뭐 하는 걸 좋아하세요?,What do you like?
저는 축구 하는 걸 좋아해요.,I like soccer.
어떤 신발이 좋으세요?,What shoes do you like?
저는 검은색 신발이 좋아요.,I like black shoes.
이 신발이 얼마예요?,How much is this shoe?
육십 유로예요.,It's sixty euros.
. 핵심 강좌,.  Core class
금속,metal
금속,metal
금속,metal
나무,tree
나무,tree
종이,paper
플라스틱,plastic
플라스틱,plastic
플라스틱,plastic
종이,paper
종이,paper
나무,tree
나무,tree
종이,paper
금속,metal
플라스틱,plastic
이 탁자는 나무로 만들어졌어요.,This table is made of wood.
이 의자는 플라스틱으로 만들어졌어요.,This chair is made of plastic.
이 표는 종이로 만들어졌어요.,This table is made of paper.
이 사다리는 금속으로 만들어졌어요.,This ladder is made of metal.
나무 그릇,Wooden bowl
플라스틱 접시,Plastic dish
플라스틱 그릇,Plastic bowl
나무 접시,Wooden dish
저는 플라스틱 컵이 있어요.,I have a plastic cup.
저는 종이 컵이 있어요.,I have a paper cup.
저는 나무 탁자가 있어요.,I have a wooden table.
저는 금속 탁자가 있어요.,I have a metal table.
이건 나무로 만들어졌어요.,This is made of wood.
이건 플라스틱으로 만들어졌어요.,This is made of plastic.
이건 종이로 만들어졌어요.,This is made of paper.
이건 금속으로 만들어졌어요.,This is made of metal.
동전은 금속으로 만들어졌어요.,The coin is made of metal.
신용카드는 플라스틱으로 만들어졌어요.,Credit cards are made of plastic.
수표는 종이로 만들어졌어요.,The checks are made of paper.
아이들이 동전으로 계산해요.,Children calculate as coins.
여자가 수표로 계산해요.,The woman calculates it as a check.
남자가 신용카드로 계산해요.,The man calculates with a credit card.
저는 현금으로 계산해요.,I calculate in cash.
수표로 계산하시겠어요?,Would you like to calculate it as a check?
아니요. 현금으로 계산할게요.,no.  I'll calculate it in cash.
신용카드로 계산하시겠어요?,Would you like to calculate with your credit card?
아니요. 수표로 계산할게요.,no.  I'll calculate it as a check.
현금으로 계산하시겠어요?,Would you like to calculate in cash?
아니요. 신용카드로 계산할게요.,no.  I'll calculate it with a credit card.
나무 의자가 얼마예요?,How much is a wooden chair?
육십 파운드예요.,It's sixty pounds.
플라스틱 의자가 얼마예요?,How much is the plastic chair?
사 파운드예요.,It's a pound.
나무 의자가 비싸요.,The wood chair is expensive.
플라스틱 의자가 싸요.,Plastic chairs are cheap.
금속 그릇이 비싸요.,The metal bowl is expensive.
종이 그릇이 싸요.,The paper bowl is cheap.
이 선글라스가 비싸요.,This sunglasses are expensive.
이 선글라스가 안 비싸요.,This sunglasses are not expensive.
이 카메라가 비싸요.,This camera is expensive.
이 카메라가 안 비싸요.,This camera is not expensive.
이 차가 안 비싸요.,This car is not expensive.
이 차가 비싸요.,This car is expensive.
이 원피스가 안 비싸요.,This dress is not expensive.
이 원피스가 비싸요.,This dress is expensive.
이 텔레비전이 무거워요.,This television is heavy.
이 탁자가 무거워요.,This table is heavy.
이 동전이 가벼워요.,This coin is light.
이 시트가 가벼워요.,This sheet is light.
이 의자가 가벼워요.,This chair is light.
이 컴퓨터가 가벼워요.,This computer is light.
이 침대가 무거워요.,This bed is heavy.
이 텔레비전이 무거워요.,This television is heavy.
빨라요.,It's fast.
느려요.,Slow.
빨라요.,It's fast.
느려요.,Slow.
차가 빨라요.,The car is fast.
동물이 느려요.,The animal is slow.
갈색 말이 빨라요.,Brown horses are fast.
빨라요.,It's fast.
가벼워요.,Light.
무거워요.,heavy.
느려요.,Slow.
이 동물이 빨라요.,This animal is fast.
이 동물이 더 빨라요.,This animal is faster.
이 동물이 느려요.,This animal is slow.
이 동물이 더 느려요.,This animal is slower.
이 책들이 무거워요.,These books are heavy.
이 책들이 더 무거워요.,These books are heavier.
이 플라스틱 그릇이 가벼워요.,This plastic bowl is light.
이 종이 그릇이 더 가벼워요.,This paper bowl is lighter.
이 카메라가 작아요.,This camera is small.
이 카메라가 더 작아요.,This camera is smaller.
이 카메라가 제일 작아요.,This camera is the smallest.
이 집이 커요.,This house is big.
이 집이 더 커요.,This house is bigger.
이 집이 제일 커요.,This house is the biggest.
나이가 많은 남자가 선생님이에요.,The old man is a teacher.
나이가 많은 여자가 의사예요.,The older woman is a doctor.
젊은 여자가 선생님이에요.,A young woman is a teacher.
젊은 남자가 의사예요.,A young man is a doctor.
어린 남자아이가 아버지를 봐요.,A young boy sees his father.
남자가 어린 학생들을 가르쳐요.,The man teaches young students.
여자가 젊은 학생들을 가르쳐요.,The woman teaches young students.
. 계속,.  continue
나이가 많은 남자는 남자아이의 할아버지예,The older man is the grandfather of the boy
요.,yo. this.
남자아이의 의사는 나이가 많아요.,The boy's doctor is old.
젊은 여자는 여자아이의 언니예요.,Young girls are girls' sister.
여자의 의사는 젊어요.,The woman's doctor is young.
어린 여자아이는 여자의 딸이에요.,The young girl is the daughter of a girl.
저희 딸은 어려요.,My daughter is young.
저희 딸은 어려요.,My daughter is young.
저희 딸은 더 어려요.,My daughter is younger.
저희 딸은 제일 어려요.,My daughter is the youngest.
저희 아버지는 나이가 많으세요.,My father is old.
저희 아버지는 나이가 더 많으세요.,My father is older.
저희 아버지는 나이가 제일 많으세요.,My father is the oldest.
저희 집은 커요.,My house is big.
저희 집은 더 커요.,My house is bigger.
제 컴퓨터는 작아요.,My computer is small.
제 컴퓨터는 더 작아요.,My computer is smaller.
이 카메라가 비싸요.,This camera is expensive.
이 텔레비전이 더 비싸요.,This television is more expensive.
이 컴퓨터가 제일 비싸요.,This computer is the most expensive.
남자가 케이크를 조금 가지고 있어요.,The man has a little cake.
여자가 케이크를 더 많이 가지고 있어요.,The woman has more cakes.
여자아이가 케이크를 제일 많이 가지고 있어,The girl has the most cake
요.,yo. this.
여자가 빵을 조금 가지고 있어요.,The woman has a little bread.
남자가 빵을 더 많이 가지고 있어요.,The man has more bread.
남자아이가 빵을 제일 많이 가지고 있어요.,The boy has the most bread.
이 여자가 책을 조금 가지고 있어요.,This woman has a little book.
이 여자가 책을 더 많이 가지고 있어요.,This woman has more books.
이 여자가 책을 제일 많이 가지고 있어요.,This woman has the most books.
이 남자가 펜을 조금 가지고 있어요.,This man has a little pen.
이 남자가 펜을 더 많이 가지고 있어요.,This man has more pen.
이 남자가 펜을 제일 많이 가지고 있어요.,This man has the most pen.
이 남자아이가 사과를 조금 가지고 있어요.,This boy has a little apple.
이 남자가 사과를 더 많이 가지고 있어요.,This man has more apples.
이 남자가 사과를 제일 많이 가지고 있어요.,This man has the most apples.
저는 접시가 조금 필요해요.,I need a little plate.
저희는 금속 접시, 종이 접시, 나무 접시를 팔,We sell metal plates, paper plates, and wooden plates
아요. 어떤 접시가 필요하세요?,Ah.  What plates do you need?
오늘 저희 가족이 공원에서 점심을 먹어서 가,Today my family had lunch in the park
벼운 접시가 필요해요.,I need a light plate.
나무 접시가 금속 접시보다 더 가벼워요. 하,The wooden plate is lighter than the metal plate.  under
지만 종이 접시가 제일 가벼워요.,But the paper plate is the lightest.
종이 접시 열 개가 얼마예요?,How much is ten paper plates?
일 달러예요. 몇 개 드릴까요?,It's a dollar.  How many do you want to give you?
열 개 주세요.,Please give me ten dogs.
현금으로 계산하시겠어요?,Would you like to calculate in cash?
아니요. 신용카드로 계산할게요.,no.  I'll calculate it with a credit card.
. 핵심 강좌,.  Core class
남자아이가 돈을 조금 가지고 있어요.,The boy has a little money.
여자가 돈을 더 조금 가지고 있어요.,The woman has a little more money.
여자가 빵을 조금 가지고 있어요.,The woman has a little bread.
남자가 빵을 더 조금 가지고 있어요.,The man has a little more bread.
남자가 밥을 조금 가지고 있어요.,The man has a little rice.
여자아이가 밥을 더 조금 가지고 있어요.,The girl has a little more rice.
여자가 밥을 제일 조금 가지고 있어요.,The woman has the best rice.
여자아이가 케이크를 조금 가지고 있어요.,The girl has a little cake.
여자가 케이크를 더 조금 가지고 있어요.,The woman has a little more cake.
남자가 케이크를 제일 조금 가지고 있어요.,The man has the most cake.
여자가 과일을 조금 가지고 있어요.,The woman has a little fruit.
남자아이가 과일을 제일 많이 가지고 있어요.,The boy has the most fruit.
여자아이가 남자보다 과일을 더 조금 가지고,The girl has a little more fruit than a man
있어요.,there is.
여자아이가 남자아이보다 과일을 더 많이 가,Girls go more fruit than boys
지고 있어요.,I'm losing.
펜들이 똑같아요.,The pen is the same.
찻잔들이 달라요.,The teacups are different.
의자들이 달라요.,The chairs are different.
장난감들이 똑같아요.,The toys are the same.
넥타이들이 똑같아요.,The ties are the same.
넥타이들이 달라요.,The ties are different.
동전들이 똑같아요.,The coins are the same.
동전들이 달라요.,The coins are different.
이 찻잔들은 크기가 똑같아요.,These teacups are the same size.
이 찻잔들은 크기가 달라요.,These mugs are different in size.
이 모자들은 크기가 똑같아요.,These hats are the same size.
이 모자들은 크기가 달라요.,These hats are different in size.
이 모자들은 색이 똑같아요.,These hats are the same color.
이 모자들은 색이 달라요.,This hat is different.
이 찻잔들은 색이 똑같아요.,These teacups are the same color.
이 찻잔들은 색이 달라요.,These teacups are different.
이 핸드폰들은 크기가 똑같아요. 하지만 색은,These cell phones are the same size.  But the color
달라요.,different.
이 전화기들은 색이 똑같아요. 하지만 크기,These telephones are the same color.  But the size
는 달라요.,Is different.
이 수건들은 크기가 똑같아요. 하지만 색은,These towels are the same size.  But the color
달라요.,different.
이 수건들은 색이 똑같아요. 하지만 크기는,These towels have the same color.  But the size
달라요.,different.
의자가 너무 작아요.,The chair is too small.
아빠가 너무 커요.,Dad is too big.
제 키가 너무 작아요.,My height is too small.
선글라스가 너무 커요.,The sunglasses are too big.
코트가 너무 작아요.,The coat is too small.
신발이 맞아요.,The shoes are right.
청바지가 너무 커요.,The jeans are too big.
청바지가 너무 작아요.,The jeans are too small.
청바지가 맞아요.,Jeans are right.
신발이 너무 커요.,The shoes are too big.
신발이 너무 작아요.,The shoes are too small.
신발이 맞아요.,The shoes are right.
원피스가 맞아요?,Is the dress right?
네. 맞아요.,yes.  Right.
셔츠가 맞아요?,Is the shirt right?
아니요. 너무 커요.,no.  Too big.
원피스가 맞아요?,Is the dress right?
네. 맞아요.,yes.  Right.
안경이 맞아요?,Are you right?
아니요. 너무 작아요.,no.  It's too small.
모자가 맞아요?,Is the hat right?
아니요. 너무 커요.,no.  Too big.
모자가 너무 커요.,The hat is too big.
안경이 너무 작아요.,The glasses are too small.
안경이 너무 커요.,The glasses are too big.
모자가 너무 작아요.,The hat is too small.
. 계속,.  continue
이 셔츠를 드릴까요?,Would you like this shirt?
아니요.,no.
왜요?,why?
너무 커서요.,It's too big.
코트가 맞아요?,Is the coat right?
아니요. 너무 작아요.,no.  It's too small.
이 코트가 더 커요.,This coat is bigger.
공 몇 개가 노란색이에요.,Some balls are yellow.
노란색 공이 하나도 없어요.,There is no yellow ball.
공들이 다 노란색이에요.,The balls are all yellow.
접시 몇 개가 플라스틱이에요.,Some plates are plastic.
종이 컵이 하나도 없어요.,There is no paper cup.
장난감들이 다 금속으로 만들어졌어요.,All toys are made of metal.
장난감들이 다 나무로 만들어졌어요.,All toys are made of wood.
아이들 몇 명이 앉아 있어요.,Some children are sitting.
아이들이 다 앉아 있어요.,The children are sitting.
아이들이 하나도 안 앉아 있어요.,There are no children sitting.
플라스틱 꽃이 하나도 없어요.,There is no plastic flower.
꽃 몇 송이가 플라스틱이에요.,Some flowers are plastic.
꽃들이 다 종이로 만들어졌어요.,The flowers are made of paper.
꽃 몇 송이가 종이로 만들어졌어요.,Some flowers are made of paper.
동전들이 색깔은 똑같아요. 하지만 크기는 달,The coins are the same color.  But the size is the moon
라요.,I.
동전들이 크기는 똑같아요. 하지만 색깔은 달,The coins are the same.  But the color is the moon
라요.,I.
저희 티셔츠가 색깔은 다 똑같아요. 하지만,Our T -shirt is the same color.  However
크기는 다 달라요.,The size is different.
저희 티셔츠가 크기는 다 똑같아요. 하지만,Our t -shirt is the same size.  However
색깔은 다 달라요.,The color is different.
어떤 원피스가 더 좋으세요?,Which dress is better?
저는 빨간색 원피스가 파란색 원피스보다 더,I have a red dress more than a blue dress
좋아요.,like.
어떤 원피스가 제일 좋으세요?,Which dress is the best?
저는 검은색 원피스가 제일 좋아요.,I like black dresses best.
어떤 고양이가 더 좋아요?,What cats do you like more?
저는 고양이는 다 좋아요.,I like all cats.
어떤 장난감이 더 좋아요?,What toys are better?
저는 장난감은 다 좋아요.,I like all the toys.
창문이 열려 있어요.,The window is open.
문이 닫혀 있어요.,The door is closed.
문이 열려 있어요.,The door is open.
창문이 닫혀 있어요.,The window is closed.
문이 열려 있어요.,The door is open.
문이 닫혀 있어요.,The door is closed.
창문이 열려 있어요.,The window is open.
창문이 닫혀 있어요.,The window is closed.
금은방이 열었어요.,The gold silver room was opened.
서점이 열었어요.,The bookstore opened.
약국이 닫았어요.,The pharmacy is closed.
장난감 가게가 닫았어요.,The toy shop is closed.
슈퍼마켓이 열었어요.,The supermarket was opened.
슈퍼마켓이 닫았어요.,The supermarket is closed.
제과점이 열었어요.,The bakery opened.
제과점이 닫았어요.,The bakery is closed.
케이크 드릴까요?,Would you like a cake?
네.,yes.
감사합니다.,thank you.
아니에요.,no.
실례합니다. 슈퍼마켓이 열었어요?,Excuse me.  Did the supermarket open?
네. 열었어요.,yes.  I opened it.
감사합니다.,thank you.
아니에요.,no.
감사합니다.,thank you.
아니에요.,no.
감사합니다.,thank you.
아니에요.,no.
오늘이 제 생일이에요. 저는 네 살이에요. 케,Today is my birthday.  I'm four years old.  K
이크 있어요?,Do you have it?
어떤 색 케이크를 줄까요?,What color cake will you give?
파란색 케이크를 주세요.,Please give me a blue cake.
어떤 크기 케이크를 줄까요?,What size cake will you give?
제일 큰 케이크를 주세요.,Please give me the biggest cake.
오늘이 저희 아들 생일이에요. 케이크 주세,Today is my son's birthday.  Cake
요.,yo. this.
어떤 색 케이크를 드릴까요?,What color cake will you give?
파란색 케이크를 주세요.,Please give me a blue cake.
어떤 크기 케이크를 드릴까요?,What size cake will you give?
제일 큰 케이크를 주세요.,Please give me the biggest cake.
이게 제일 큰 파란색 케이크예요.,This is the biggest blue cake.
얼마예요?,How much?
이십오 달러예요.,It's twenty dollars.
감사합니다.,thank you.
아니에요.,no.
. 이정표,.  milestone
안녕하세요?,hello?
안녕하세요?,hello?
꽃들이 다 같은 색이에요?,Are all the flowers the same color?
아니요. 꽃들이 다 같은 색이 아니에요.,no.  The flowers are not the same color.
무슨 색 꽃을 드릴까요?,What color flowers will you give?
빨간색 꽃을 주세요.,Please give me red flowers.
몇 송이 드릴까요?,How many pieces would you like?
서른다섯 송이 주세요.,I would like to give me thirty five pieces.
감사합니다.,thank you.
아니에요.,no.
안녕하세요?,hello?
안녕하세요?,hello?
계란 있으세요?,Do you have eggs?
네. 계란 있어요.,yes.  I have an egg.
몇 개 드릴까요?,How many do you want to give you?
마흔여덟 개 주세요.,Give forty eight.
감사합니다.,thank you.
아니에요.,no.
안녕하세요?,hello?
안녕하세요?,hello?
이 의자는 얼마예요?,How much is this chair?
이 의자는 오십 달러예요.,This chair is fifty dollars.
어떻게 계산하시겠어요?,How do you calculate?
신용카드로 계산할게요.,I'll calculate it with a credit card.
감사합니다.,thank you.
아니에요.,no.
안녕하세요?,hello?
안녕하세요?,hello?
어떤 색 정장을 좋아하세요?,What color suit do you like?
검은색 정장을 좋아해요.,I like black suits.
. 계속,.  continue
너무 커요?,Is it too big?
네, 너무 커요.,Yes, too big.
더 작은 정장이 있어요?,Do you have a smaller suit?
네, 더 작은 정장이 있어요.,Yes, I have a smaller suit.
맞아요?,Right?
네, 맞아요.,Yes, that is correct.
감사합니다.,thank you.
아니에요.,no.
식당이 열었어요?,Did the restaurant open?
네, 식당이 열었어요.,Yes, the restaurant opened.
